shop,ProductID,name,category,price,url,collection_date
Brickmo,60312.0,LEGO City 60312 Police Car 60312,Lego City,8.26,https://www.brickmo.com/en/new-at-brickmo/lego/43997/lego-city-60312-police-car-60312?c=5983,2026-07-19
Brickmo,60480.0,LEGO City 60480 Yellow Backhoe Loader 60480,Lego City,22.17,https://www.brickmo.com/en/new-at-brickmo/lego/87158/lego-city-60480-yellow-backhoe-loader-60480?c=5983,2026-07-19
Brickmo,60502.0,LEGO City 60502 Airport with Airplane 60502,Lego City,80.55,https://www.brickmo.com/en/new-at-brickmo/lego/82875/lego-city-60502-airport-with-airplane-60502?c=5983,2026-07-19
Brickmo,60373.0,LEGO City 60373 Fire Rescue Boat 60373,Lego City,15.49,https://www.brickmo.com/en/new-at-brickmo/lego/51187/lego-city-60373-fire-rescue-boat-60373?c=5983,2026-07-19
Brickmo,60454.0,LEGO City Fahrzeuge 60454 Holiday Adventure...,Lego City,22.68,https://www.brickmo.com/en/new-at-brickmo/lego/72178/lego-city-fahrzeuge-60454-holiday-adventure-camper-van-60454?c=5983,2026-07-19
Brickmo,60430.0,LEGO City 60430 Interstellar Spaceship 60430,Lego City,14.97,https://www.brickmo.com/en/new-at-brickmo/lego/59083/lego-city-60430-interstellar-spaceship-60430?c=5983,2026-07-19
Brickmo,60484.0,LEGO City 60484 Rides – Gaming Race Car 60484,Lego City,7.49,https://www.brickmo.com/en/new-at-brickmo/lego/82898/lego-city-60484-rides-gaming-race-car-60484?c=5983,2026-07-19
Brickmo,60419.0,LEGO City 60419 Police Prison Island 60419,Lego City,78.48,https://www.brickmo.com/en/new-at-brickmo/lego/59078/lego-city-60419-police-prison-island-60419?c=5983,2026-07-19
Brickmo,60414.0,LEGO City 60414 Fire Station with Fire Truck 60414,Lego City,61.95,https://www.brickmo.com/en/new-at-brickmo/lego/59070/lego-city-60414-fire-station-with-fire-truck-60414?c=5983,2026-07-19
Brickmo,60483.0,LEGO City 60483 Rides – Construction Loader 60483,Lego City,7.49,https://www.brickmo.com/en/new-at-brickmo/lego/82899/lego-city-60483-rides-construction-loader-60483?c=5983,2026-07-19
Brickmo,60479.0,LEGO City 60479 Police Prisoner Transport Van...,Lego City,16.01,https://www.brickmo.com/en/new-at-brickmo/lego/82893/lego-city-60479-police-prisoner-transport-van-60479?c=5983,2026-07-19
Brickmo,60465.0,LEGO City 60465 Emergency Air Ambulance...,Lego City,40.25,https://www.brickmo.com/en/new-at-brickmo/lego/77966/lego-city-60465-emergency-air-ambulance-airplane-60465?c=5983,2026-07-19
Brickmo,60312.0,LEGO City 60312 Police Car 60312,Lego City,8.26,https://www.brickmo.com/en/new-at-brickmo/lego/43997/lego-city-60312-police-car-60312?c=5983,2026-07-19
Brickmo,60480.0,LEGO City 60480 Yellow Backhoe Loader 60480,Lego City,22.17,https://www.brickmo.com/en/new-at-brickmo/lego/87158/lego-city-60480-yellow-backhoe-loader-60480?c=5983,2026-07-19
Brickmo,60502.0,LEGO City 60502 Airport with Airplane 60502,Lego City,80.55,https://www.brickmo.com/en/new-at-brickmo/lego/82875/lego-city-60502-airport-with-airplane-60502?c=5983,2026-07-19
Brickmo,60373.0,LEGO City 60373 Fire Rescue Boat 60373,Lego City,15.49,https://www.brickmo.com/en/new-at-brickmo/lego/51187/lego-city-60373-fire-rescue-boat-60373?c=5983,2026-07-19
Brickmo,60454.0,LEGO City Fahrzeuge 60454 Holiday Adventure...,Lego City,22.68,https://www.brickmo.com/en/new-at-brickmo/lego/72178/lego-city-fahrzeuge-60454-holiday-adventure-camper-van-60454?c=5983,2026-07-19
Brickmo,60430.0,LEGO City 60430 Interstellar Spaceship 60430,Lego City,14.97,https://www.brickmo.com/en/new-at-brickmo/lego/59083/lego-city-60430-interstellar-spaceship-60430?c=5983,2026-07-19
Brickmo,60484.0,LEGO City 60484 Rides – Gaming Race Car 60484,Lego City,7.49,https://www.brickmo.com/en/new-at-brickmo/lego/82898/lego-city-60484-rides-gaming-race-car-60484?c=5983,2026-07-19
Brickmo,60419.0,LEGO City 60419 Police Prison Island 60419,Lego City,78.48,https://www.brickmo.com/en/new-at-brickmo/lego/59078/lego-city-60419-police-prison-island-60419?c=5983,2026-07-19
Brickmo,60414.0,LEGO City 60414 Fire Station with Fire Truck 60414,Lego City,61.95,https://www.brickmo.com/en/new-at-brickmo/lego/59070/lego-city-60414-fire-station-with-fire-truck-60414?c=5983,2026-07-19
Brickmo,60483.0,LEGO City 60483 Rides – Construction Loader 60483,Lego City,7.49,https://www.brickmo.com/en/new-at-brickmo/lego/82899/lego-city-60483-rides-construction-loader-60483?c=5983,2026-07-19
Brickmo,60479.0,LEGO City 60479 Police Prisoner Transport Van...,Lego City,16.01,https://www.brickmo.com/en/new-at-brickmo/lego/82893/lego-city-60479-police-prisoner-transport-van-60479?c=5983,2026-07-19
Brickmo,60465.0,LEGO City 60465 Emergency Air Ambulance...,Lego City,40.25,https://www.brickmo.com/en/new-at-brickmo/lego/77966/lego-city-60465-emergency-air-ambulance-airplane-60465?c=5983,2026-07-19
Brickmo,60481.0,LEGO City 60481 Rides – Police Truck 60481,Lego City,7.49,https://www.brickmo.com/en/new-at-brickmo/lego/82901/lego-city-60481-rides-police-truck-60481?c=5983,2026-07-19
Brickmo,60404.0,LEGO City 60404 Burger Truck 60404,Lego City,16.52,https://www.brickmo.com/en/new-at-brickmo/lego/59073/lego-city-60404-burger-truck-60404?c=5983,2026-07-19
Brickmo,60482.0,LEGO City 60482 Rides – Fire Truck 60482,Lego City,7.49,https://www.brickmo.com/en/new-at-brickmo/lego/82900/lego-city-60482-rides-fire-truck-60482?c=5983,2026-07-19
Brickmo,60486.0,LEGO City 60486 EV Supercar 60486,Lego City,8.53,https://www.brickmo.com/en/new-at-brickmo/lego/82881/lego-city-60486-ev-supercar-60486?c=5983,2026-07-19
Brickmo,60505.0,"LEGO City 60505 Airplane, Service Truck &...",Lego City,54.61,https://www.brickmo.com/en/new-at-brickmo/lego/82894/lego-city-60505-airplane-service-truck-hovercraft-remix-60505?c=5983,2026-07-19
Brickmo,60205.0,LEGO City 60205 Tracks 60205,Lego City,15.49,https://www.brickmo.com/en/new-at-brickmo/lego/38128/lego-city-60205-tracks-60205?c=5983,2026-07-19
Brickmo,60368.0,LEGO City 60368 Arctic Explorer Ship 60368,Lego City,153.97,https://www.brickmo.com/en/new-at-brickmo/lego/54381/lego-city-60368-arctic-explorer-ship-60368?c=5983,2026-07-19
Brickmo,60511.0,LEGO City 60511 Vintage Steam Train 60511,Lego City,71.25,https://www.brickmo.com/en/new-at-brickmo/lego/87154/lego-city-60511-vintage-steam-train-60511?c=5983,2026-07-19
Brickmo,60506.0,LEGO City 60506 Classic Beach Streetcar 60506,Lego City,55.28,https://www.brickmo.com/en/new-at-brickmo/lego/87155/lego-city-60506-classic-beach-streetcar-60506?c=5983,2026-07-19
Brickmo,60494.0,LEGO City 60494 Dump Truck & Front End Loader...,Lego City,97.65,https://www.brickmo.com/en/new-at-brickmo/lego/87156/lego-city-60494-dump-truck-front-end-loader-60494?c=5983,2026-07-19
Brickmo,60492.0,LEGO City 60492 Passenger Jet 60492,Lego City,22.17,https://www.brickmo.com/en/new-at-brickmo/lego/87157/lego-city-60492-passenger-jet-60492?c=5983,2026-07-19
Brickmo,60497.0,LEGO City 60497 Drive-Through Car Wash 60497,Lego City,42.83,https://www.brickmo.com/en/new-at-brickmo/lego/87149/lego-city-60497-drive-through-car-wash-60497?c=5983,2026-07-19
Brickmo,75455.0,LEGO Star Wars 75455 Boba Fett 75455,Lego Star Wars,139.45,https://www.brickmo.com/en/new-at-brickmo/lego/87308/lego-star-wars-75455-boba-fett-75455?c=6055,2026-07-19
Brickmo,75331.0,LEGO Star Wars 75331 The Razor Crest 75331,Lego Star Wars,670.63,https://www.brickmo.com/en/new-at-brickmo/lego/50734/lego-star-wars-75331-the-razor-crest-75331?c=6055,2026-07-19
Brickmo,75192.0,LEGO Star Wars 75192 Millennium Falcon 75192,Lego Star Wars,784.3,https://www.brickmo.com/en/new-at-brickmo/lego/39796/lego-star-wars-75192-millennium-falcon-75192?c=6055,2026-07-19
Brickmo,40755.0,LEGO Star Wars 40755 Imperial Dropship vs....,Lego Star Wars,49.55,https://www.brickmo.com/en/new-at-brickmo/lego/85400/lego-star-wars-40755-imperial-dropship-vs.-rebel-scout-speeder-40755?c=6055,2026-07-19
Brickmo,75383.0,LEGO Star Wars 75383 Darth Maul's Sith...,Lego Star Wars,72.28,https://www.brickmo.com/en/new-at-brickmo/lego/67150/lego-star-wars-75383-darth-maul-s-sith-infiltrator-75383?c=6055,2026-07-19
Brickmo,75400.0,LEGO Star Wars 75400 Plo Koon's Jedi...,Lego Star Wars,11.87,https://www.brickmo.com/en/new-at-brickmo/lego/77984/lego-star-wars-75400-plo-koon-s-jedi-starfighter-microfighter-75400?c=6055,2026-07-19
Brickmo,75397.0,LEGO Star Wars 75397 Jabba's Sail Barge 75397,Lego Star Wars,449.45,https://www.brickmo.com/en/new-at-brickmo/lego/90044/lego-star-wars-75397-jabba-s-sail-barge-75397?c=6055,2026-07-19
Brickmo,75453.0,LEGO Star Wars 75453 Offworld Sandcrawler and...,Lego Star Wars,165.28,https://www.brickmo.com/en/new-at-brickmo/lego/87321/lego-star-wars-75453-offworld-sandcrawler-and-mudhorn-75453?c=6055,2026-07-19
Brickmo,75454.0,LEGO Star Wars 75454 Imperial Remnant AT-AT...,Lego Star Wars,132.58,https://www.brickmo.com/en/new-at-brickmo/lego/87331/lego-star-wars-75454-imperial-remnant-at-at-with-int-4-75454?c=6055,2026-07-19
Brickmo,75349.0,LEGO Star Wars 75349 Captain Rex Helmet 75349,Lego Star Wars,72.28,https://www.brickmo.com/en/new-at-brickmo/lego/52945/lego-star-wars-75349-captain-rex-helmet-75349?c=6055,2026-07-19
Brickmo,75345.0,LEGO Star Wars 75345 501st Clone Troopers...,Lego Star Wars,20.62,https://www.brickmo.com/en/new-at-brickmo/lego/52104/lego-star-wars-75345-501st-clone-troopers-battle-pack-75345?c=6055,2026-07-19
Brickmo,75401.0,LEGO Star Wars 75401 Ahsoka's Jedi Interceptor...,Lego Star Wars,37.15,https://www.brickmo.com/en/new-at-brickmo/lego/72213/lego-star-wars-75401-ahsoka-s-jedi-interceptor-75401?c=6055,2026-07-19
Brickmo,75455.0,LEGO Star Wars 75455 Boba Fett 75455,Lego Star Wars,139.45,https://www.brickmo.com/en/new-at-brickmo/lego/87308/lego-star-wars-75455-boba-fett-75455?c=6055,2026-07-19
Brickmo,75331.0,LEGO Star Wars 75331 The Razor Crest 75331,Lego Star Wars,670.63,https://www.brickmo.com/en/new-at-brickmo/lego/50734/lego-star-wars-75331-the-razor-crest-75331?c=6055,2026-07-19
Brickmo,75192.0,LEGO Star Wars 75192 Millennium Falcon 75192,Lego Star Wars,784.3,https://www.brickmo.com/en/new-at-brickmo/lego/39796/lego-star-wars-75192-millennium-falcon-75192?c=6055,2026-07-19
Brickmo,40755.0,LEGO Star Wars 40755 Imperial Dropship vs....,Lego Star Wars,49.55,https://www.brickmo.com/en/new-at-brickmo/lego/85400/lego-star-wars-40755-imperial-dropship-vs.-rebel-scout-speeder-40755?c=6055,2026-07-19
Brickmo,75383.0,LEGO Star Wars 75383 Darth Maul's Sith...,Lego Star Wars,72.28,https://www.brickmo.com/en/new-at-brickmo/lego/67150/lego-star-wars-75383-darth-maul-s-sith-infiltrator-75383?c=6055,2026-07-19
Brickmo,75400.0,LEGO Star Wars 75400 Plo Koon's Jedi...,Lego Star Wars,11.87,https://www.brickmo.com/en/new-at-brickmo/lego/77984/lego-star-wars-75400-plo-koon-s-jedi-starfighter-microfighter-75400?c=6055,2026-07-19
Brickmo,75397.0,LEGO Star Wars 75397 Jabba's Sail Barge 75397,Lego Star Wars,449.45,https://www.brickmo.com/en/new-at-brickmo/lego/90044/lego-star-wars-75397-jabba-s-sail-barge-75397?c=6055,2026-07-19
Brickmo,75453.0,LEGO Star Wars 75453 Offworld Sandcrawler and...,Lego Star Wars,165.28,https://www.brickmo.com/en/new-at-brickmo/lego/87321/lego-star-wars-75453-offworld-sandcrawler-and-mudhorn-75453?c=6055,2026-07-19
Brickmo,75454.0,LEGO Star Wars 75454 Imperial Remnant AT-AT...,Lego Star Wars,132.58,https://www.brickmo.com/en/new-at-brickmo/lego/87331/lego-star-wars-75454-imperial-remnant-at-at-with-int-4-75454?c=6055,2026-07-19
Brickmo,75349.0,LEGO Star Wars 75349 Captain Rex Helmet 75349,Lego Star Wars,72.28,https://www.brickmo.com/en/new-at-brickmo/lego/52945/lego-star-wars-75349-captain-rex-helmet-75349?c=6055,2026-07-19
Brickmo,75345.0,LEGO Star Wars 75345 501st Clone Troopers...,Lego Star Wars,20.62,https://www.brickmo.com/en/new-at-brickmo/lego/52104/lego-star-wars-75345-501st-clone-troopers-battle-pack-75345?c=6055,2026-07-19
Brickmo,75401.0,LEGO Star Wars 75401 Ahsoka's Jedi Interceptor...,Lego Star Wars,37.15,https://www.brickmo.com/en/new-at-brickmo/lego/72213/lego-star-wars-75401-ahsoka-s-jedi-interceptor-75401?c=6055,2026-07-19
Brickmo,75347.0,LEGO Star Wars 75347 TIE Bomber 75347,Lego Star Wars,54.76,https://www.brickmo.com/en/new-at-brickmo/lego/52103/lego-star-wars-75347-tie-bomber-75347?c=6055,2026-07-19
Brickmo,75404.0,LEGO Star Wars 75404 Acclamator-Class Assault...,Lego Star Wars,41.28,https://www.brickmo.com/en/new-at-brickmo/lego/72220/lego-star-wars-75404-acclamator-class-assault-ship-75404?c=6055,2026-07-19
Brickmo,75403.0,LEGO Star Wars 75403 Grogu with Hover Pram 75403,Lego Star Wars,82.62,https://www.brickmo.com/en/new-at-brickmo/lego/72221/lego-star-wars-75403-grogu-with-hover-pram-75403?c=6055,2026-07-19
Brickmo,75333.0,LEGO Star Wars 75333 Obi-Wan Kenobi’s Jedi...,Lego Star Wars,36.12,https://www.brickmo.com/en/new-at-brickmo/lego/48275/lego-star-wars-75333-obi-wan-kenobi-s-jedi-starfighter-75333?c=6055,2026-07-19
Brickmo,75373.0,LEGO Star Wars 75373 Ambush on Mandalore Battle...,Lego Star Wars,20.62,https://www.brickmo.com/en/new-at-brickmo/lego/65593/lego-star-wars-75373-ambush-on-mandalore-battle-pack-75373?c=6055,2026-07-19
Brickmo,75325.0,LEGO Star Wars 75325 The Mandalorian´s N-1...,Lego Star Wars,60.97,https://www.brickmo.com/en/new-at-brickmo/lego/45737/lego-star-wars-75325-the-mandalorian-s-n-1-starfighter-75325?c=6055,2026-07-19
Brickmo,75456.0,LEGO Star Wars 75456 Advent Calendar 2026 75456,Lego Star Wars,27.85,https://www.brickmo.com/en/new-at-brickmo/lego/87099/lego-star-wars-75456-advent-calendar-2026-75456?c=6055,2026-07-19
Brickmo,75451.0,LEGO Star Wars 75451 Hutt Palace Sentry Droid...,Lego Star Wars,39.68,https://www.brickmo.com/en/new-at-brickmo/lego/87088/lego-star-wars-75451-hutt-palace-sentry-droid-showdown-75451?c=6055,2026-07-19
Brickmo,75439.0,LEGO Star Wars 75439 Darth Vader Bust 75439,Lego Star Wars,40.25,https://www.brickmo.com/en/new-at-brickmo/lego/82981/lego-star-wars-75439-darth-vader-bust-75439?c=6055,2026-07-19
Brickmo,75438.0,LEGO Star Wars 75438 Yoda Bust 75438,Lego Star Wars,31.98,https://www.brickmo.com/en/new-at-brickmo/lego/82982/lego-star-wars-75438-yoda-bust-75438?c=6055,2026-07-19
Brickmo,75446.0,LEGO Star Wars 75446 Grogu (Mandalorian...,Lego Star Wars,107.93,https://www.brickmo.com/en/new-at-brickmo/lego/82984/lego-star-wars-75446-grogu-mandalorian-apprentice-75446?c=6055,2026-07-19
Brickmo,75445.0,LEGO Star Wars 75445 Anzellan Starship 75445,Lego Star Wars,60.92,https://www.brickmo.com/en/new-at-brickmo/lego/82985/lego-star-wars-75445-anzellan-starship-75445?c=6055,2026-07-19
Brickmo,42692.0,LEGO Friends 42692 Ice Cream & Balloon Stand 42692,Lego Friends,7.25,https://www.brickmo.com/en/new-at-brickmo/lego/82866/lego-friends-42692-ice-cream-balloon-stand-42692?c=6036,2026-07-19
Brickmo,42648.0,LEGO Friends 42648 Panda Sanctuary Animal Care...,Lego Friends,22.95,https://www.brickmo.com/en/new-at-brickmo/lego/78076/lego-friends-42648-panda-sanctuary-animal-care-42648?c=6036,2026-07-19
Brickmo,42695.0,LEGO Friends 42695 Horse & Baby Foal Trailer 42695,Lego Friends,21.55,https://www.brickmo.com/en/new-at-brickmo/lego/82865/lego-friends-42695-horse-baby-foal-trailer-42695?c=6036,2026-07-19
Brickmo,42703.0,LEGO Friends 42703 Mermaid Roller Coaster Ride...,Lego Friends,75.35,https://www.brickmo.com/en/new-at-brickmo/lego/87133/lego-friends-42703-mermaid-roller-coaster-ride-42703?c=6036,2026-07-19
Brickmo,42690.0,LEGO Friends 42690 Forest Tea Party 42690,Lego Friends,7.2,https://www.brickmo.com/en/new-at-brickmo/lego/87129/lego-friends-42690-forest-tea-party-42690?c=6036,2026-07-19
Brickmo,42700.0,LEGO Friends 42700 Candy & Cupcake Ferris Wheel...,Lego Friends,45.2,https://www.brickmo.com/en/new-at-brickmo/lego/87135/lego-friends-42700-candy-cupcake-ferris-wheel-42700?c=6036,2026-07-19
Brickmo,42676.0,LEGO Friends 42676 Fun Water Park Day 42676,Lego Friends,21.45,https://www.brickmo.com/en/new-at-brickmo/lego/87131/lego-friends-42676-fun-water-park-day-42676?c=6036,2026-07-19
Brickmo,42693.0,LEGO Friends 42693 Creative Flower Shop 42693,Lego Friends,21.45,https://www.brickmo.com/en/new-at-brickmo/lego/87128/lego-friends-42693-creative-flower-shop-42693?c=6036,2026-07-19
Brickmo,42704.0,LEGO Friends 42704 Heartlake City Grand Hotel...,Lego Friends,118.1,https://www.brickmo.com/en/new-at-brickmo/lego/87142/lego-friends-42704-heartlake-city-grand-hotel-42704?c=6036,2026-07-19
Brickmo,42682.0,LEGO Friends 42682 Nature Glamping Cabin 42682,Lego Friends,17.95,https://www.brickmo.com/en/new-at-brickmo/lego/87130/lego-friends-42682-nature-glamping-cabin-42682?c=6036,2026-07-19
Brickmo,42694.0,LEGO Friends 42694 Pizza Truck 42694,Lego Friends,10.75,https://www.brickmo.com/en/new-at-brickmo/lego/87137/lego-friends-42694-pizza-truck-42694?c=6036,2026-07-19
Brickmo,42697.0,LEGO Friends 42697 Creative Dollhouse Suitcase...,Lego Friends,37.65,https://www.brickmo.com/en/new-at-brickmo/lego/87136/lego-friends-42697-creative-dollhouse-suitcase-42697?c=6036,2026-07-19
Brickmo,42692.0,LEGO Friends 42692 Ice Cream & Balloon Stand 42692,Lego Friends,7.49,https://www.brickmo.com/en/new-at-brickmo/lego/82866/lego-friends-42692-ice-cream-balloon-stand-42692?c=6036,2026-07-19
Brickmo,42648.0,LEGO Friends 42648 Panda Sanctuary Animal Care...,Lego Friends,23.72,https://www.brickmo.com/en/new-at-brickmo/lego/78076/lego-friends-42648-panda-sanctuary-animal-care-42648?c=6036,2026-07-19
Brickmo,42695.0,LEGO Friends 42695 Horse & Baby Foal Trailer 42695,Lego Friends,22.27,https://www.brickmo.com/en/new-at-brickmo/lego/82865/lego-friends-42695-horse-baby-foal-trailer-42695?c=6036,2026-07-19
Brickmo,42703.0,LEGO Friends 42703 Mermaid Roller Coaster Ride...,Lego Friends,77.86,https://www.brickmo.com/en/new-at-brickmo/lego/87133/lego-friends-42703-mermaid-roller-coaster-ride-42703?c=6036,2026-07-19
Brickmo,42690.0,LEGO Friends 42690 Forest Tea Party 42690,Lego Friends,7.44,https://www.brickmo.com/en/new-at-brickmo/lego/87129/lego-friends-42690-forest-tea-party-42690?c=6036,2026-07-19
Brickmo,42700.0,LEGO Friends 42700 Candy & Cupcake Ferris Wheel...,Lego Friends,46.71,https://www.brickmo.com/en/new-at-brickmo/lego/87135/lego-friends-42700-candy-cupcake-ferris-wheel-42700?c=6036,2026-07-19
Brickmo,42676.0,LEGO Friends 42676 Fun Water Park Day 42676,Lego Friends,22.17,https://www.brickmo.com/en/new-at-brickmo/lego/87131/lego-friends-42676-fun-water-park-day-42676?c=6036,2026-07-19
Brickmo,42693.0,LEGO Friends 42693 Creative Flower Shop 42693,Lego Friends,22.17,https://www.brickmo.com/en/new-at-brickmo/lego/87128/lego-friends-42693-creative-flower-shop-42693?c=6036,2026-07-19
Brickmo,42704.0,LEGO Friends 42704 Heartlake City Grand Hotel...,Lego Friends,122.04,https://www.brickmo.com/en/new-at-brickmo/lego/87142/lego-friends-42704-heartlake-city-grand-hotel-42704?c=6036,2026-07-19
Brickmo,42682.0,LEGO Friends 42682 Nature Glamping Cabin 42682,Lego Friends,18.55,https://www.brickmo.com/en/new-at-brickmo/lego/87130/lego-friends-42682-nature-glamping-cabin-42682?c=6036,2026-07-19
Brickmo,42694.0,LEGO Friends 42694 Pizza Truck 42694,Lego Friends,11.11,https://www.brickmo.com/en/new-at-brickmo/lego/87137/lego-friends-42694-pizza-truck-42694?c=6036,2026-07-19
Brickmo,42697.0,LEGO Friends 42697 Creative Dollhouse Suitcase...,Lego Friends,38.91,https://www.brickmo.com/en/new-at-brickmo/lego/87136/lego-friends-42697-creative-dollhouse-suitcase-42697?c=6036,2026-07-19
Brickmo,42705.0,LEGO Friends 42705 Cozy Fall Forest Cabin 42705,Lego Friends,77.86,https://www.brickmo.com/en/new-at-brickmo/lego/87141/lego-friends-42705-cozy-fall-forest-cabin-42705?c=6036,2026-07-19
Brickmo,42702.0,LEGO Friends 42702 Spinning Flower & Fairy...,Lego Friends,31.16,https://www.brickmo.com/en/new-at-brickmo/lego/87134/lego-friends-42702-spinning-flower-fairy-teacup-ride-42702?c=6036,2026-07-19
Brickmo,42698.0,LEGO Friends 42698 Advent Calendar 2026 42698,Lego Friends,19.94,https://www.brickmo.com/en/new-at-brickmo/lego/87304/lego-friends-42698-advent-calendar-2026-42698?c=6036,2026-07-19
Brickmo,42659.0,LEGO Friends 42659 Friendship Road-Trip Travel...,Lego Friends,16.48,https://www.brickmo.com/en/new-at-brickmo/lego/78075/lego-friends-42659-friendship-road-trip-travel-car-42659?c=6036,2026-07-19
Brickmo,42687.0,LEGO Friends 42687 Liann's Family House 42687,Lego Friends,54.61,https://www.brickmo.com/en/new-at-brickmo/lego/82869/lego-friends-42687-liann-s-family-house-42687?c=6036,2026-07-19
Brickmo,42663.0,LEGO Friends 42663 Friendship Camper Van...,Lego Friends,49.55,https://www.brickmo.com/en/new-at-brickmo/lego/72154/lego-friends-42663-friendship-camper-van-adventure-42663?c=6036,2026-07-19
Brickmo,42666.0,LEGO Friends 42666 Cat Birthday Party & Tree...,Lego Friends,22.68,https://www.brickmo.com/en/new-at-brickmo/lego/78080/lego-friends-42666-cat-birthday-party-tree-house-42666?c=6036,2026-07-19
Brickmo,42652.0,LEGO Friends 42652 Friendship Tree House...,Lego Friends,61.95,https://www.brickmo.com/en/new-at-brickmo/lego/72036/lego-friends-42652-friendship-tree-house-hangout-42652?c=6036,2026-07-19
Brickmo,42681.0,LEGO Friends 42681 Axolotl Adventure Boat 42681,Lego Friends,8.53,https://www.brickmo.com/en/new-at-brickmo/lego/82863/lego-friends-42681-axolotl-adventure-boat-42681?c=6036,2026-07-19
Brickmo,41713.0,LEGO Friends 41713 Olivia´s Space Academy 41713,Lego Friends,72.28,https://www.brickmo.com/en/new-at-brickmo/lego/47182/lego-friends-41713-olivia-s-space-academy-41713?c=6036,2026-07-19
Brickmo,42647.0,LEGO Friends 42647 Paisley's Room 42647,Lego Friends,20.62,https://www.brickmo.com/en/new-at-brickmo/lego/72034/lego-friends-42647-paisley-s-room-42647?c=6036,2026-07-19
Brickmo,42673.0,LEGO Friends 42673 Family Vacation Beach Resort...,Lego Friends,108.45,https://www.brickmo.com/en/new-at-brickmo/lego/78078/lego-friends-42673-family-vacation-beach-resort-42673?c=6036,2026-07-19
Brickmo,11378.0,LEGO Icons 11378 Douglas DC-3 PAN AM Airliner...,Lego Icons,229.95,https://www.brickmo.com/en/new-at-brickmo/lego/90387/lego-icons-11378-douglas-dc-3-pan-am-airliner-11378?c=6790,2026-07-19
Brickmo,11381.0,LEGO Icons 11381 Jaguar E-Type 11381,Lego Icons,111.95,https://www.brickmo.com/en/new-at-brickmo/lego/87319/lego-icons-11381-jaguar-e-type-11381?c=6790,2026-07-19
Brickmo,11383.0,LEGO Icons 11383 Mayor Manor 11383,Lego Icons,88.25,https://www.brickmo.com/en/new-at-brickmo/lego/87318/lego-icons-11383-mayor-manor-11383?c=6790,2026-07-19
Brickmo,11382.0,LEGO Icons 11382 Hubble Space Telescope 11382,Lego Icons,103.95,https://www.brickmo.com/en/new-at-brickmo/lego/87317/lego-icons-11382-hubble-space-telescope-11382?c=6790,2026-07-19
Brickmo,10331.0,LEGO Icons 10331 Kingfisher Bird 10331,Lego Icons,44.95,https://www.brickmo.com/en/new-at-brickmo/lego/59147/lego-icons-10331-kingfisher-bird-10331?c=6790,2026-07-19
Brickmo,11380.0,LEGO Icons 11380 Road Bike 11380,Lego Icons,96.25,https://www.brickmo.com/en/new-at-brickmo/lego/87306/lego-icons-11380-road-bike-11380?c=6790,2026-07-19
Brickmo,10360.0,LEGO Icons 10360 Shuttle Carrier Aircraft 10360,Lego Icons,229.95,https://www.brickmo.com/en/new-at-brickmo/lego/84321/lego-icons-10360-shuttle-carrier-aircraft-10360?c=6790,2026-07-19
Brickmo,11371.0,LEGO Icons 11371 Shopping Street 11371,Lego Icons,239.0,https://www.brickmo.com/en/new-at-brickmo/lego/90384/lego-icons-11371-shopping-street-11371?c=6790,2026-07-19
Brickmo,10335.0,LEGO Icons 10335 The Endurance 10335,Lego Icons,279.95,https://www.brickmo.com/en/new-at-brickmo/lego/90389/lego-icons-10335-the-endurance-10335?c=6790,2026-07-19
Brickmo,10305.0,LEGO Icons 10305 Lion Knights' Castle 10305,Lego Icons,575.0,https://www.brickmo.com/en/new-at-brickmo/lego/49449/lego-icons-10305-lion-knights-castle-10305?c=6790,2026-07-19
Brickmo,10307.0,LEGO Icons 10307 Eiffel Tower 10307,Lego Icons,684.99,https://www.brickmo.com/en/new-at-brickmo/lego/51652/lego-icons-10307-eiffel-tower-10307?c=6790,2026-07-19
Brickmo,11370.0,LEGO Icons 11370 Stranger Things: The Creel...,Lego Icons,264.95,https://www.brickmo.com/en/new-at-brickmo/lego/90336/lego-icons-11370-stranger-things-the-creel-house-11370?c=6790,2026-07-19
Brickmo,10333.0,LEGO Icons 10333 The Lord of the Rings:...,Lego Icons,501.17,https://www.brickmo.com/en/new-at-brickmo/lego/68140/lego-icons-10333-the-lord-of-the-rings-barad-dur-10333?c=6790,2026-07-19
Brickmo,10337.0,LEGO Icons 10337 Lamborghini Countach 5000...,Lego Icons,175.62,https://www.brickmo.com/en/new-at-brickmo/lego/90043/lego-icons-10337-lamborghini-countach-5000-quattrovalvole-10337?c=6790,2026-07-19
Brickmo,43018.0,LEGO Editions 43018 Lionel Messi – Celebration...,Lego Icons,149.78,https://www.brickmo.com/en/new-at-brickmo/lego/87070/lego-editions-43018-lionel-messi-celebration-43018?c=6790,2026-07-19
Brickmo,10362.0,LEGO Icons 10362 French Café 10362,Lego Icons,65.09,https://www.brickmo.com/en/new-at-brickmo/lego/72229/lego-icons-10362-french-cafe-10362?c=6790,2026-07-19
Brickmo,10328.0,LEGO Icons 10328 Bouquet of Roses 10328,Lego Icons,49.55,https://www.brickmo.com/en/new-at-brickmo/lego/59118/lego-icons-10328-bouquet-of-roses-10328?c=6790,2026-07-19
Brickmo,11384.0,LEGO Icons 11384 Golden Retriever Puppy 11384,Lego Icons,112.63,https://www.brickmo.com/en/new-at-brickmo/lego/82970/lego-icons-11384-golden-retriever-puppy-11384?c=6790,2026-07-19
Brickmo,11375.0,LEGO Icons 11375 Ferrari F2004 & Michael...,Lego Icons,72.28,https://www.brickmo.com/en/new-at-brickmo/lego/82975/lego-icons-11375-ferrari-f2004-michael-schumacher-11375?c=6790,2026-07-19
Brickmo,11373.0,LEGO Icons 11373 The Lord of the Rings:...,Lego Icons,61.95,https://www.brickmo.com/en/new-at-brickmo/lego/82976/lego-icons-11373-the-lord-of-the-rings-sauron-s-helmet-11373?c=6790,2026-07-19
Brickmo,11376.0,LEGO Icons 11376 Ford Model T 11376,Lego Icons,108.45,https://www.brickmo.com/en/new-at-brickmo/lego/82974/lego-icons-11376-ford-model-t-11376?c=6790,2026-07-19
Brickmo,10356.0,LEGO Icons 10356 Star Trek: U.S.S. Enterprise...,Lego Icons,392.66,https://www.brickmo.com/en/new-at-brickmo/lego/86703/lego-icons-10356-star-trek-u.s.s.-enterprise-ncc-1701-d-10356?c=6790,2026-07-19
Brickmo,10365.0,LEGO Icons 10365 Captain Jack Sparrow's Pirate...,Lego Icons,361.66,https://www.brickmo.com/en/new-at-brickmo/lego/86641/lego-icons-10365-captain-jack-sparrow-s-pirate-ship-10365?c=6790,2026-07-19
Brickmo,10315.0,LEGO Icons 10315 Tranquil Garden 10315,Lego Icons,98.12,https://www.brickmo.com/en/new-at-brickmo/lego/56014/lego-icons-10315-tranquil-garden-10315?c=6790,2026-07-19
Brickmo,11378.0,LEGO Icons 11378 Douglas DC-3 PAN AM Airliner...,Lego Icons,237.62,https://www.brickmo.com/en/new-at-brickmo/lego/90387/lego-icons-11378-douglas-dc-3-pan-am-airliner-11378?c=6790,2026-07-19
Brickmo,11381.0,LEGO Icons 11381 Jaguar E-Type 11381,Lego Icons,115.68,https://www.brickmo.com/en/new-at-brickmo/lego/87319/lego-icons-11381-jaguar-e-type-11381?c=6790,2026-07-19
Brickmo,11383.0,LEGO Icons 11383 Mayor Manor 11383,Lego Icons,91.19,https://www.brickmo.com/en/new-at-brickmo/lego/87318/lego-icons-11383-mayor-manor-11383?c=6790,2026-07-19
Brickmo,11382.0,LEGO Icons 11382 Hubble Space Telescope 11382,Lego Icons,107.42,https://www.brickmo.com/en/new-at-brickmo/lego/87317/lego-icons-11382-hubble-space-telescope-11382?c=6790,2026-07-19
Brickmo,10331.0,LEGO Icons 10331 Kingfisher Bird 10331,Lego Icons,46.45,https://www.brickmo.com/en/new-at-brickmo/lego/59147/lego-icons-10331-kingfisher-bird-10331?c=6790,2026-07-19
Brickmo,11380.0,LEGO Icons 11380 Road Bike 11380,Lego Icons,99.46,https://www.brickmo.com/en/new-at-brickmo/lego/87306/lego-icons-11380-road-bike-11380?c=6790,2026-07-19
Brickmo,10360.0,LEGO Icons 10360 Shuttle Carrier Aircraft 10360,Lego Icons,237.62,https://www.brickmo.com/en/new-at-brickmo/lego/84321/lego-icons-10360-shuttle-carrier-aircraft-10360?c=6790,2026-07-19
Brickmo,11371.0,LEGO Icons 11371 Shopping Street 11371,Lego Icons,246.97,https://www.brickmo.com/en/new-at-brickmo/lego/90384/lego-icons-11371-shopping-street-11371?c=6790,2026-07-19
Brickmo,10335.0,LEGO Icons 10335 The Endurance 10335,Lego Icons,289.28,https://www.brickmo.com/en/new-at-brickmo/lego/90389/lego-icons-10335-the-endurance-10335?c=6790,2026-07-19
Brickmo,10305.0,LEGO Icons 10305 Lion Knights' Castle 10305,Lego Icons,594.17,https://www.brickmo.com/en/new-at-brickmo/lego/49449/lego-icons-10305-lion-knights-castle-10305?c=6790,2026-07-19
Brickmo,10307.0,LEGO Icons 10307 Eiffel Tower 10307,Lego Icons,707.82,https://www.brickmo.com/en/new-at-brickmo/lego/51652/lego-icons-10307-eiffel-tower-10307?c=6790,2026-07-19
Brickmo,11370.0,LEGO Icons 11370 Stranger Things: The Creel...,Lego Icons,273.78,https://www.brickmo.com/en/new-at-brickmo/lego/90336/lego-icons-11370-stranger-things-the-creel-house-11370?c=6790,2026-07-19
bricksdirect,60512.0,LEGO 60512 Mountain Bike Adventure Van,LEGO City,33.26,https://bricksdirect.com/lego-60512-mountain-bike-adventure-van,2026-07-19
bricksdirect,60511.0,LEGO 60511 Vintage Steam Train,LEGO City,85.38,https://bricksdirect.com/lego-60511-vintage-steam-train,2026-07-19
bricksdirect,60510.0,"LEGO 60510 Advent Calendar 2026, City (Pre order, will be shipped on 01/09/2026)",LEGO City,25.5,https://bricksdirect.com/lego-60510-advent-calendar-2026-city,2026-07-19
bricksdirect,60509.0,LEGO 60509 Harbor Freight Train with Crane & Truck,LEGO City,121.98,https://bricksdirect.com/lego-60509-harbor-freight-train-with-crane--truck,2026-07-19
bricksdirect,60508.0,LEGO 60508 Police Train Heist,LEGO City,188.53,https://bricksdirect.com/lego-60508-police-train-heist,2026-07-19
bricksdirect,60506.0,LEGO 60506 Classic Beach Streetcar,LEGO City,66.53,https://bricksdirect.com/lego-60506-classic-beach-streetcar,2026-07-19
bricksdirect,60505.0,"LEGO 60505 Airplane, Service Truck & Hovercraft Remix",LEGO City,66.53,https://bricksdirect.com/lego-60505-airplane-service-truck--hovercraft-remix,2026-07-19
bricksdirect,60504.0,LEGO 60504 Coast Guard Rescue Boat & Helicopter,LEGO City,104.24,https://bricksdirect.com/lego-60504-coast-guard-rescue-boat--helicopter,2026-07-19
bricksdirect,60503.0,LEGO 60503 Coast Guard Helicopter,LEGO City,56.55,https://bricksdirect.com/lego-60503-coast-guard-helicopter,2026-07-19
bricksdirect,60502.0,LEGO 60502 Airport with Airplane,LEGO City,110.89,https://bricksdirect.com/lego-60502-airport-with-airplane,2026-07-19
bricksdirect,60501.0,LEGO 60501 Lava Land Roller Coaster Park,LEGO City,121.98,https://bricksdirect.com/lego-60501-lava-land-roller-coaster-park,2026-07-19
bricksdirect,60500.0,LEGO 60500 The Van,LEGO City,28.82,https://bricksdirect.com/lego-60500-the-van,2026-07-19
bricksdirect,60499.0,LEGO 60499 Airport Fire Truck,LEGO City,77.62,https://bricksdirect.com/lego-60499-airport-fire-truck,2026-07-19
bricksdirect,60498.0,LEGO 60498 Tractor,LEGO City,18.84,https://bricksdirect.com/lego-60498-tractor,2026-07-19
bricksdirect,60497.0,LEGO 60497 Drive-Through Car Wash,LEGO City,52.11,https://bricksdirect.com/lego-60497-drive-through-car-wash,2026-07-19
bricksdirect,60496.0,LEGO 60496 Pizza Delivery Experience with Vehicles,LEGO City,47.68,https://bricksdirect.com/lego-60496-pizza-delivery-experience-with-vehicles,2026-07-19
bricksdirect,60495.0,LEGO 60495 Recycling Truck,LEGO City,60.99,https://bricksdirect.com/lego-60495-recycling-truck,2026-07-19
bricksdirect,60494.0,LEGO 60494 Dump Truck & Front End Loader,LEGO City,113.11,https://bricksdirect.com/lego-60494-dump-truck--front-end-loader,2026-07-19
bricksdirect,60493.0,LEGO 60493 F1 Display Truck with Audi F1 Race Car,LEGO City,43.24,https://bricksdirect.com/lego-60493-f1-display-truck-with-audi-f1-race-car,2026-07-19
bricksdirect,60492.0,LEGO 60492 Passenger Jet,LEGO City,28.82,https://bricksdirect.com/lego-60492-passenger-jet,2026-07-19
bricksdirect,60491.0,LEGO 60491 Motorcycle Transporter,LEGO City,18.84,https://bricksdirect.com/lego-60491-motorcycle-transporter,2026-07-19
bricksdirect,60490.0,LEGO 60490 Snowplow,LEGO City,24.39,https://bricksdirect.com/lego-60490-snowplow,2026-07-19
bricksdirect,60489.0,LEGO 60489 Jet vs. Car,LEGO City,28.82,https://bricksdirect.com/lego-60489-jet-vs--car,2026-07-19
bricksdirect,60488.0,LEGO 60488 Fries Food Truck,LEGO City,22.17,https://bricksdirect.com/lego-60488-fries-food-truck,2026-07-19
bricksdirect,60487.0,LEGO 60487 Yellow Taxi,LEGO City,16.62,https://bricksdirect.com/lego-60487-yellow-taxi,2026-07-19
bricksdirect,60486.0,LEGO 60486 EV Supercar,LEGO City,9.97,https://bricksdirect.com/lego-60486-ev-supercar,2026-07-19
bricksdirect,60485.0,LEGO 60485 Hot Rod,LEGO City,9.97,https://bricksdirect.com/lego-60485-hot-rod,2026-07-19
bricksdirect,60484.0,LEGO 60484 Rides – Gaming Race Car,LEGO City,9.97,https://bricksdirect.com/lego-60484-rides---gaming-race-car,2026-07-19
bricksdirect,60483.0,LEGO 60483 Rides – Construction Loader,LEGO City,9.97,https://bricksdirect.com/lego-60483-rides---construction-loader,2026-07-19
bricksdirect,60482.0,LEGO 60482 Rides – Fire Truck,LEGO City,9.97,https://bricksdirect.com/lego-60482-rides---fire-truck,2026-07-19
bricksdirect,60481.0,LEGO 60481 Rides – Police Truck,LEGO City,9.97,https://bricksdirect.com/lego-60481-rides---police-truck,2026-07-19
bricksdirect,60480.0,LEGO 60480 Yellow Backhoe Loader,LEGO City,28.82,https://bricksdirect.com/lego-60480-yellow-backhoe-loader,2026-07-19
bricksdirect,60479.0,LEGO 60479 Police Prisoner Transport Van,LEGO City,18.84,https://bricksdirect.com/lego-60479-police-prisoner-transport-van,2026-07-19
bricksdirect,60478.0,LEGO 60478 Cement Mixer,LEGO City,37.7,https://bricksdirect.com/lego-60478-cement-mixer,2026-07-19
bricksdirect,60474.0,LEGO 60474 F1 Grid with VCARB & Sauber Race Cars,LEGO City,44.35,https://bricksdirect.com/lego-60474-f1-grid-with-vcarb--sauber-race-cars,2026-07-19
bricksdirect,60473.0,LEGO 60473 The City Tower,LEGO City,232.89,https://bricksdirect.com/lego-60473-the-city-tower,2026-07-19
bricksdirect,60471.0,LEGO 60471 Arctic Explorer Science Lab Truck,LEGO City,98.7,https://bricksdirect.com/lego-60471-arctic-explorer-science-lab-truck,2026-07-19
bricksdirect,60470.0,LEGO 60470 Explorers’ Arctic Polar Express Train,LEGO City,221.8,https://bricksdirect.com/lego-60470-explorers-arctic-polar-express-train,2026-07-19
bricksdirect,60469.0,LEGO 60469 Central Train Station,LEGO City,77.62,https://bricksdirect.com/lego-60469-central-train-station,2026-07-19
bricksdirect,60467.0,LEGO 60467 Heavy-Duty Recovery Tow Truck with Crane,LEGO City,99.8,https://bricksdirect.com/lego-60467-heavy-duty-recovery-tow-truck-with-crane,2026-07-19
bricksdirect,60466.0,LEGO 60466 Yellow Bulldozer,LEGO City,66.53,https://bricksdirect.com/lego-60466-yellow-bulldozer,2026-07-19
bricksdirect,60465.0,LEGO 60465 Emergency Air Ambulance Airplane,LEGO City,55.44,https://bricksdirect.com/lego-60465-emergency-air-ambulance-airplane,2026-07-19
bricksdirect,60464.0,LEGO 60464 F1 Williams Racing & Haas F1 Race Cars,LEGO City,17.73,https://bricksdirect.com/lego-60464-f1-williams-racing--haas-f1-race-cars,2026-07-19
bricksdirect,60463.0,LEGO 60463 Fire Ladder Truck,LEGO City,17.73,https://bricksdirect.com/lego-60463-fire-ladder-truck,2026-07-19
bricksdirect,60462.0,"LEGO 60462 Helicopter, Fire Truck & Submarine Remix",LEGO City,66.53,https://bricksdirect.com/lego-60462-helicopter-fire-truck--submarine-remix,2026-07-19
bricksdirect,60459.0,LEGO 60459 Airplane vs. Hospital Bed Race Car Pack,LEGO City,11.08,https://bricksdirect.com/lego-60459-airplane-vs--hospital-bed-race-car-pack,2026-07-19
bricksdirect,60458.0,LEGO 60458 Pizza vs. Fire Truck Race Car Pack,LEGO City,11.08,https://bricksdirect.com/lego-60458-pizza-vs--fire-truck-race-car-pack,2026-07-19
bricksdirect,60457.0,LEGO 60457 Custom Police Car Garage,LEGO City,66.53,https://bricksdirect.com/lego-60457-custom-police-car-garage,2026-07-19
bricksdirect,60456.0,LEGO 60456 Police Boat Chase,LEGO City,33.26,https://bricksdirect.com/lego-60456-police-boat-chase,2026-07-19
bricksdirect,60455.0,LEGO 60455 Police Motorcycle Chase,LEGO City,8.86,https://bricksdirect.com/lego-60455-police-motorcycle-chase,2026-07-19
bricksdirect,60454.0,LEGO 60454 Holiday Adventure Camper Van,LEGO City,33.26,https://bricksdirect.com/lego-60454-holiday-adventure-camper-van,2026-07-19
bricksdirect,60453.0,LEGO 60453 Lifeguard Beach Rescue Truck,LEGO City,27.72,https://bricksdirect.com/lego-60453-lifeguard-beach-rescue-truck,2026-07-19
bricksdirect,60452.0,LEGO 60452 Donut Truck,LEGO City,22.17,https://bricksdirect.com/lego-60452-donut-truck,2026-07-19
bricksdirect,60451.0,LEGO 60451 Emergency Ambulance,LEGO City,17.73,https://bricksdirect.com/lego-60451-emergency-ambulance,2026-07-19
bricksdirect,60449.0,LEGO 60449 Off-Road Police Car Chase,LEGO City,55.44,https://bricksdirect.com/lego-60449-off-road-police-car-chase,2026-07-19
bricksdirect,60447.0,LEGO 60447 Off-Road 4x4 Mountain Truck,LEGO City,17.73,https://bricksdirect.com/lego-60447-off-road-4x4-mountain-truck,2026-07-19
bricksdirect,60446.0,LEGO 60446 Modular Galactic Spaceship,LEGO City,99.8,https://bricksdirect.com/lego-60446-modular-galactic-spaceship,2026-07-19
bricksdirect,60445.0,LEGO 60445 F1 Truck with RB20 & AMR24 F1 Cars,LEGO City,110.89,https://bricksdirect.com/lego-60445-f1-truck-with-rb20--amr24-f1-cars,2026-07-19
bricksdirect,60444.0,LEGO 60444 F1 Garage & Mercedes-AMG & Alpine Cars,LEGO City,88.71,https://bricksdirect.com/lego-60444-f1-garage--mercedes-amg--alpine-cars,2026-07-19
bricksdirect,60443.0,LEGO 60443 F1 Pit Stop & Pit Crew with Ferrari Car,LEGO City,26.6,https://bricksdirect.com/lego-60443-f1-pit-stop--pit-crew-with-ferrari-car,2026-07-19
bricksdirect,75535.0,LEGO 75535 Han Solo,LEGO Star Wars,33.26,https://bricksdirect.com/lego-75535-han-solo,2026-07-19
bricksdirect,75528.0,LEGO 75528 Rey,LEGO Star Wars,27.72,https://bricksdirect.com/lego-75528-rey,2026-07-19
bricksdirect,75525.0,LEGO 75525 Baze Malbus,LEGO Star Wars,22.17,https://bricksdirect.com/lego-75525-baze-malbus,2026-07-19
bricksdirect,75524.0,LEGO 75524 Chirrut Îmwe,LEGO Star Wars,22.17,https://bricksdirect.com/lego-75524-chirrut-imwe,2026-07-19
bricksdirect,75461.0,LEGO 75461 Up-Scaled Darth Vader Minifigure,LEGO Star Wars,121.98,https://bricksdirect.com/lego-75461-up-scaled-darth-vader-minifigure,2026-07-19
bricksdirect,75460.0,LEGO 75460 New Republic X-Wing Starfighter,LEGO Star Wars,88.71,https://bricksdirect.com/lego-75460-new-republic-x-wing-starfighter,2026-07-19
bricksdirect,75459.0,LEGO 75459 Imperial Lambda-Class Shuttle,LEGO Star Wars,177.44,https://bricksdirect.com/lego-75459-imperial-lambda-class-shuttle,2026-07-19
bricksdirect,75458.0,LEGO 75458 Imperial Remnant AT-RT Driver Helmet,LEGO Star Wars,88.71,https://bricksdirect.com/lego-75458-imperial-remnant-at-rt-driver-helmet,2026-07-19
bricksdirect,75456.0,"LEGO 75456 Advent Calendar 2026, Star Wars (Pre order, will be shipped on 01/09/2026)",LEGO Star Wars,33.26,https://bricksdirect.com/lego-75456-advent-calendar-2026-star-wars,2026-07-19
bricksdirect,75455.0,"LEGO 75455 Boba Fett (Pre order, will be shipped on 01/08/2026)",LEGO Star Wars,160.8,https://bricksdirect.com/lego-75455-boba-fett,2026-07-19
bricksdirect,75454.0,"LEGO 75454 Imperial Remnant AT-AT with INT-4 (Pre order, will be shipped on 01/08/2026)",LEGO Star Wars,150.82,https://bricksdirect.com/lego-75454-imperial-remnant-at-at-with-int-4,2026-07-19
bricksdirect,75453.0,"LEGO 75453 Offworld Sandcrawler and Mudhorn (Pre order, will be shipped on 01/08/2026)",LEGO Star Wars,188.53,https://bricksdirect.com/lego-75453-offworld-sandcrawler-and-mudhorn,2026-07-19
bricksdirect,75452.0,LEGO 75452 BB-8 Astromech Droid,LEGO Star Wars,85.38,https://bricksdirect.com/lego-75452-bb-8-astromech-droid,2026-07-19
bricksdirect,75451.0,"LEGO 75451 Hutt Palace Sentry Droid Showdown (Pre order, will be shipped on 01/08/2026)",LEGO Star Wars,47.68,https://bricksdirect.com/lego-75451-hutt-palace-sentry-droid-showdown,2026-07-19
bricksdirect,75449.0,LEGO 75449 Siege of Mandalore Battle Pack,LEGO Star Wars,22.17,https://bricksdirect.com/lego-75449-siege-of-mandalore-battle-pack,2026-07-19
bricksdirect,75448.0,LEGO 75448 Clone Shock Trooper Mech,LEGO Star Wars,16.62,https://bricksdirect.com/lego-75448-clone-shock-trooper-mech,2026-07-19
bricksdirect,75447.0,LEGO 75447 The Razor Crest,LEGO Star Wars,141.94,https://bricksdirect.com/lego-75447-the-razor-crest,2026-07-19
bricksdirect,75446.0,LEGO 75446 Grogu (Mandalorian Apprentice),LEGO Star Wars,123.1,https://bricksdirect.com/lego-75446-grogu-mandalorian-apprentice,2026-07-19
bricksdirect,75445.0,LEGO 75445 Anzellan Starship,LEGO Star Wars,70.97,https://bricksdirect.com/lego-75445-anzellan-starship,2026-07-19
bricksdirect,75444.0,LEGO 75444 AT-RT Attack,LEGO Star Wars,43.24,https://bricksdirect.com/lego-75444-at-rt-attack,2026-07-19
bricksdirect,75443.0,LEGO 75443 Grogu’s Homestead,LEGO Star Wars,18.84,https://bricksdirect.com/lego-75443-grogus-homestead,2026-07-19
bricksdirect,75442.0,LEGO 75442 The Mandalorian’s N-1 Starfighter,LEGO Star Wars,310.52,https://bricksdirect.com/lego-75442-the-mandalorians-n-1-starfighter,2026-07-19
bricksdirect,75441.0,LEGO 75441 Venator-Class Attack Cruiser,LEGO Star Wars,75.41,https://bricksdirect.com/lego-75441-venator-class-attack-cruiser,2026-07-19
bricksdirect,75440.0,LEGO 75440 AT-AT,LEGO Star Wars,62.09,https://bricksdirect.com/lego-75440-at-at,2026-07-19
bricksdirect,75439.0,LEGO 75439 Darth Vader Bust,LEGO Star Wars,47.68,https://bricksdirect.com/lego-75439-darth-vader-bust,2026-07-19
bricksdirect,75438.0,LEGO 75438 Yoda Bust,LEGO Star Wars,37.7,https://bricksdirect.com/lego-75438-yoda-bust,2026-07-19
bricksdirect,75437.0,LEGO 75437 Cobb Vanth’s Speeder,LEGO Star Wars,28.82,https://bricksdirect.com/lego-75437-cobb-vanths-speeder,2026-07-19
bricksdirect,75436.0,LEGO 75436 The Mandalorian & Grogu’s Speeder Bike,LEGO Star Wars,11.08,https://bricksdirect.com/lego-75436-the-mandalorian--grogus-speeder-bike,2026-07-19
bricksdirect,75435.0,LEGO 75435 Battle of Felucia Separatist MTT,LEGO Star Wars,137.51,https://bricksdirect.com/lego-75435-battle-of-felucia-separatist-mtt,2026-07-19
bricksdirect,75434.0,LEGO 75434 K-2SO Security Droid,LEGO Star Wars,99.8,https://bricksdirect.com/lego-75434-k-2so-security-droid,2026-07-19
bricksdirect,75433.0,LEGO 75433 Jango Fett’s Starship,LEGO Star Wars,62.1,https://bricksdirect.com/lego-75433-jango-fetts-starship,2026-07-19
bricksdirect,75432.0,LEGO 75432 V-19 Torrent Starfighter,LEGO Star Wars,72.08,https://bricksdirect.com/lego-75432-v-19-torrent-starfighter,2026-07-19
bricksdirect,75431.0,LEGO 75431 327th Star Corps Clone Troopers Battle Pack,LEGO Star Wars,44.35,https://bricksdirect.com/lego-75431-327th-star-corps-clone-troopers-battle-pack,2026-07-19
bricksdirect,75430.0,LEGO 75430 Wicket the Ewok,LEGO Star Wars,144.16,https://bricksdirect.com/lego-75430-wicket-the-ewok,2026-07-19
bricksdirect,75429.0,LEGO 75429 AT-AT Driver Helmet,LEGO Star Wars,110.89,https://bricksdirect.com/lego-75429-at-at-driver-helmet,2026-07-19
bricksdirect,75428.0,LEGO 75428 Battle Droid with STAP,LEGO Star Wars,155.26,https://bricksdirect.com/lego-75428-battle-droid-with-stap,2026-07-19
bricksdirect,75427.0,LEGO 75427 SMART Play: Throne Room Duel & A-Wing,LEGO Star Wars,188.53,https://bricksdirect.com/lego-75427-smart-play-throne-room-duel--a-wing,2026-07-19
bricksdirect,75426.0,LEGO 75426 SMART Play: Millennium Falcon,LEGO Star Wars,121.98,https://bricksdirect.com/lego-75426-smart-play-millennium-falcon,2026-07-19
bricksdirect,75425.0,LEGO 75425 SMART Play: Mos Eisley Cantina,LEGO Star Wars,99.8,https://bricksdirect.com/lego-75425-smart-play-mos-eisley-cantina,2026-07-19
bricksdirect,75424.0,LEGO 75424 SMART Play: AT-ST Attack on Endor,LEGO Star Wars,66.53,https://bricksdirect.com/lego-75424-smart-play-at-st-attack-on-endor,2026-07-19
bricksdirect,75423.0,LEGO 75423 SMART Play: Luke’s Red Five X-Wing,LEGO Star Wars,110.89,https://bricksdirect.com/lego-75423-smart-play-lukes-red-five-x-wing,2026-07-19
bricksdirect,75422.0,LEGO 75422 SMART Play: Yoda’s Hut and Jedi Training,LEGO Star Wars,88.71,https://bricksdirect.com/lego-75422-smart-play-yodas-hut-and-jedi-training,2026-07-19
bricksdirect,75421.0,LEGO 75421 SMART Play: Darth Vader’s TIE Fighter,LEGO Star Wars,88.71,https://bricksdirect.com/lego-75421-smart-play-darth-vaders-tie-fighter,2026-07-19
bricksdirect,75420.0,LEGO 75420 SMART Play: Luke’s Landspeeder,LEGO Star Wars,55.44,https://bricksdirect.com/lego-75420-smart-play-lukes-landspeeder,2026-07-19
bricksdirect,75419.0,LEGO 75419 Death Star,LEGO Star Wars,1219.94,https://bricksdirect.com/lego-75419-death-star,2026-07-19
bricksdirect,75418.0,"LEGO 75418 Advent Calendar 2025, Star Wars",LEGO Star Wars,38.81,https://bricksdirect.com/lego-75418-advent-calendar-2025-star-wars,2026-07-19
bricksdirect,75417.0,LEGO 75417 AT-ST Walker,LEGO Star Wars,182.98,https://bricksdirect.com/lego-75417-at-st-walker,2026-07-19
bricksdirect,75416.0,LEGO 75416 Chopper (C1-10P) Astromech Droid,LEGO Star Wars,100.91,https://bricksdirect.com/lego-75416-chopper-c1-10p-astromech-droid,2026-07-19
bricksdirect,75415.0,LEGO 75415 Kylo Ren Helmet,LEGO Star Wars,88.71,https://bricksdirect.com/lego-75415-kylo-ren-helmet,2026-07-19
bricksdirect,75414.0,LEGO 75414 The Force Burner Snowspeeder,LEGO Star Wars,44.35,https://bricksdirect.com/lego-75414-the-force-burner-snowspeeder,2026-07-19
bricksdirect,75413.0,LEGO 75413 Republic Juggernaut,LEGO Star Wars,137.51,https://bricksdirect.com/lego-75413-republic-juggernaut,2026-07-19
bricksdirect,75412.0,LEGO 75412 Death Trooper & Night Trooper Battle Pack,LEGO Star Wars,22.17,https://bricksdirect.com/lego-75412-death-trooper--night-trooper-battle-pack,2026-07-19
bricksdirect,75411.0,LEGO 75411 Darth Maul Mech,LEGO Star Wars,13.3,https://bricksdirect.com/lego-75411-darth-maul-mech,2026-07-19
bricksdirect,75410.0,LEGO 75410 Mando and Grogu’s N-1 Starfighter,LEGO Star Wars,26.6,https://bricksdirect.com/lego-75410-mando-and-grogus-n-1-starfighter,2026-07-19
bricksdirect,75409.0,LEGO 75409 Jango Fett’s Firespray-Class Starship,LEGO Star Wars,354.88,https://bricksdirect.com/lego-75409-jango-fetts-firespray-class-starship,2026-07-19
bricksdirect,75408.0,LEGO 75408 Jango Fett Helmet,LEGO Star Wars,70.97,https://bricksdirect.com/lego-75408-jango-fett-helmet,2026-07-19
bricksdirect,75407.0,LEGO 75407 Brick-Built Star Wars Logo,LEGO Star Wars,62.1,https://bricksdirect.com/lego-75407-brick-built-star-wars-logo,2026-07-19
bricksdirect,75406.0,LEGO 75406 Kylo Ren’s Command Shuttle,LEGO Star Wars,88.71,https://bricksdirect.com/lego-75406-kylo-rens-command-shuttle,2026-07-19
bricksdirect,75405.0,LEGO 75405 Home One Starcruiser,LEGO Star Wars,77.62,https://bricksdirect.com/lego-75405-home-one-starcruiser,2026-07-19
bricksdirect,75404.0,LEGO 75404 Acclamator-Class Assault Ship,LEGO Star Wars,55.44,https://bricksdirect.com/lego-75404-acclamator-class-assault-ship,2026-07-19
bricksdirect,853778.0,LEGO 853778 Stephanie’s Pool Pod,LEGO Friends,11.08,https://bricksdirect.com/lego-853778-stephanies-pool-pod,2026-07-19
bricksdirect,5005236.0,LEGO 5005236 Friends Clubhouse,LEGO Friends,11.08,https://bricksdirect.com/lego-5005236-friends-clubhouse,2026-07-19
bricksdirect,42705.0,LEGO 42705 Cozy Fall Forest Cabin,LEGO Friends,94.26,https://bricksdirect.com/lego-42705-cozy-fall-forest-cabin,2026-07-19
bricksdirect,42704.0,LEGO 42704 Heartlake City Grand Hotel,LEGO Friends,141.94,https://bricksdirect.com/lego-42704-heartlake-city-grand-hotel,2026-07-19
bricksdirect,42703.0,LEGO 42703 Mermaid Roller Coaster Ride,LEGO Friends,94.26,https://bricksdirect.com/lego-42703-mermaid-roller-coaster-ride,2026-07-19
bricksdirect,42702.0,LEGO 42702 Spinning Flower & Fairy Teacup Ride,LEGO Friends,37.7,https://bricksdirect.com/lego-42702-spinning-flower--fairy-teacup-ride,2026-07-19
bricksdirect,42701.0,LEGO 42701 Koala Habitat & Care Center,LEGO Friends,83.17,https://bricksdirect.com/lego-42701-koala-habitat--care-center,2026-07-19
bricksdirect,42700.0,LEGO 42700 Candy & Cupcake Ferris Wheel,LEGO Friends,56.55,https://bricksdirect.com/lego-42700-candy--cupcake-ferris-wheel,2026-07-19
bricksdirect,42699.0,LEGO 42699 Beach House with Seals,LEGO Friends,55.44,https://bricksdirect.com/lego-42699-beach-house-with-seals,2026-07-19
bricksdirect,42698.0,"LEGO 42698 Advent Calendar 2026, Friends (Pre order, will be shipped on 01/09/2026)",LEGO Friends,25.5,https://bricksdirect.com/lego-42698-advent-calendar-2026-friends,2026-07-19
bricksdirect,42697.0,LEGO 42697 Creative Dollhouse Suitcase,LEGO Friends,47.68,https://bricksdirect.com/lego-42697-creative-dollhouse-suitcase,2026-07-19
bricksdirect,42696.0,LEGO 42696 Animal Vet Clinic,LEGO Friends,28.82,https://bricksdirect.com/lego-42696-animal-vet-clinic,2026-07-19
bricksdirect,42695.0,LEGO 42695 Horse & Baby Foal Trailer,LEGO Friends,28.82,https://bricksdirect.com/lego-42695-horse--baby-foal-trailer,2026-07-19
bricksdirect,42694.0,LEGO 42694 Pizza Truck,LEGO Friends,14.41,https://bricksdirect.com/lego-42694-pizza-truck,2026-07-19
bricksdirect,42693.0,LEGO 42693 Creative Flower Shop,LEGO Friends,28.82,https://bricksdirect.com/lego-42693-creative-flower-shop,2026-07-19
bricksdirect,42692.0,LEGO 42692 Ice Cream & Balloon Stand,LEGO Friends,9.97,https://bricksdirect.com/lego-42692-ice-cream--balloon-stand,2026-07-19
bricksdirect,42691.0,LEGO 42691 Garden Restaurant,LEGO Friends,170.78,https://bricksdirect.com/lego-42691-garden-restaurant,2026-07-19
bricksdirect,42690.0,LEGO 42690 Forest Tea Party,LEGO Friends,9.97,https://bricksdirect.com/lego-42690-forest-tea-party,2026-07-19
bricksdirect,42689.0,LEGO 42689 Heartlake City Friends Club House,LEGO Friends,85.38,https://bricksdirect.com/lego-42689-heartlake-city-friends-club-house,2026-07-19
bricksdirect,42688.0,LEGO 42688 Horse Stable and Riding Academy,LEGO Friends,75.41,https://bricksdirect.com/lego-42688-horse-stable-and-riding-academy,2026-07-19
bricksdirect,42687.0,LEGO 42687 Liann’s Family House,LEGO Friends,66.53,https://bricksdirect.com/lego-42687-lianns-family-house,2026-07-19
bricksdirect,42686.0,LEGO 42686 Fun Indoor Playground,LEGO Friends,56.55,https://bricksdirect.com/lego-42686-fun-indoor-playground,2026-07-19
bricksdirect,42685.0,LEGO 42685 Heartlake City Fashion Show,LEGO Friends,47.68,https://bricksdirect.com/lego-42685-heartlake-city-fashion-show,2026-07-19
bricksdirect,42684.0,LEGO 42684 Unicorn Dream Café,LEGO Friends,37.7,https://bricksdirect.com/lego-42684-unicorn-dream-cafe,2026-07-19
bricksdirect,42682.0,LEGO 42682 Nature Glamping Cabin,LEGO Friends,24.39,https://bricksdirect.com/lego-42682-nature-glamping-cabin,2026-07-19
bricksdirect,42681.0,LEGO 42681 Axolotl Adventure Boat,LEGO Friends,9.97,https://bricksdirect.com/lego-42681-axolotl-adventure-boat,2026-07-19
bricksdirect,42680.0,LEGO 42680 Heartlake City Convenience Store,LEGO Friends,18.84,https://bricksdirect.com/lego-42680-heartlake-city-convenience-store,2026-07-19
bricksdirect,42679.0,LEGO 42679 Heartlake City Bunny Hotel,LEGO Friends,24.39,https://bricksdirect.com/lego-42679-heartlake-city-bunny-hotel,2026-07-19
bricksdirect,42678.0,LEGO 42678 Pet Accessories Van,LEGO Friends,18.84,https://bricksdirect.com/lego-42678-pet-accessories-van,2026-07-19
bricksdirect,42677.0,LEGO 42677 Dog Treats Bakery,LEGO Friends,28.82,https://bricksdirect.com/lego-42677-dog-treats-bakery,2026-07-19
bricksdirect,42676.0,LEGO 42676 Fun Water Park Day,LEGO Friends,28.82,https://bricksdirect.com/lego-42676-fun-water-park-day,2026-07-19
bricksdirect,42675.0,LEGO 42675 Unicorn Cake Delivery Car,LEGO Friends,9.97,https://bricksdirect.com/lego-42675-unicorn-cake-delivery-car,2026-07-19
bricksdirect,42674.0,LEGO 42674 Comic Book and Game Store,LEGO Friends,110.89,https://bricksdirect.com/lego-42674-comic-book-and-game-store,2026-07-19
bricksdirect,42673.0,LEGO 42673 Family Vacation Beach Resort,LEGO Friends,144.16,https://bricksdirect.com/lego-42673-family-vacation-beach-resort,2026-07-19
bricksdirect,42672.0,LEGO 42672 Creative Beach and Travel Suitcase,LEGO Friends,33.26,https://bricksdirect.com/lego-42672-creative-beach-and-travel-suitcase,2026-07-19
bricksdirect,42671.0,LEGO 42671 Plant Café & Flower Shop,LEGO Friends,99.79,https://bricksdirect.com/lego-42671-plant-cafe--flower-shop,2026-07-19
bricksdirect,42669.0,LEGO 42669 Beekeepers’ House and Flower Garden,LEGO Friends,110.89,https://bricksdirect.com/lego-42669-beekeepers-house-and-flower-garden,2026-07-19
bricksdirect,42668.0,"LEGO 42668 Advent Calendar 2025, Friends",LEGO Friends,29.93,https://bricksdirect.com/lego-42668-advent-calendar-2025-friends,2026-07-19
bricksdirect,42666.0,LEGO 42666 Cat Birthday Party & Tree House,LEGO Friends,26.6,https://bricksdirect.com/lego-42666-cat-birthday-party--tree-house,2026-07-19
bricksdirect,42665.0,LEGO 42665 Puppy Playground,LEGO Friends,8.86,https://bricksdirect.com/lego-42665-puppy-playground,2026-07-19
bricksdirect,42664.0,LEGO 42664 Travel Boat Adventure,LEGO Friends,65.42,https://bricksdirect.com/lego-42664-travel-boat-adventure,2026-07-19
bricksdirect,42663.0,LEGO 42663 Friendship Camper Van Adventure,LEGO Friends,52.11,https://bricksdirect.com/lego-42663-friendship-camper-van-adventure,2026-07-19
bricksdirect,42662.0,LEGO 42662 Hair Salon and Accessories Store,LEGO Friends,49.9,https://bricksdirect.com/lego-42662-hair-salon-and-accessories-store,2026-07-19
bricksdirect,42661.0,LEGO 42661 Costume Party with Unicorn & Fairy,LEGO Friends,35.48,https://bricksdirect.com/lego-42661-costume-party-with-unicorn--fairy,2026-07-19
bricksdirect,42659.0,LEGO 42659 Friendship Road-Trip Travel Car,LEGO Friends,17.73,https://bricksdirect.com/lego-42659-friendship-road-trip-travel-car,2026-07-19
bricksdirect,42658.0,LEGO 42658 Unicorn & Flamingo Pool Party,LEGO Friends,11.08,https://bricksdirect.com/lego-42658-unicorn--flamingo-pool-party,2026-07-19
bricksdirect,42654.0,LEGO 42654 Pony Ranch & Stable,LEGO Friends,77.62,https://bricksdirect.com/lego-42654-pony-ranch--stable,2026-07-19
bricksdirect,42653.0,LEGO 42653 Music Store & Apartment,LEGO Friends,55.44,https://bricksdirect.com/lego-42653-music-store--apartment,2026-07-19
bricksdirect,42652.0,LEGO 42652 Friendship Tree House Hangout,LEGO Friends,77.62,https://bricksdirect.com/lego-42652-friendship-tree-house-hangout,2026-07-19
bricksdirect,42651.0,LEGO 42651 Horse and Pet Vet Clinic,LEGO Friends,66.53,https://bricksdirect.com/lego-42651-horse-and-pet-vet-clinic,2026-07-19
bricksdirect,42650.0,LEGO 42650 Pet Accessories Shop,LEGO Friends,35.48,https://bricksdirect.com/lego-42650-pet-accessories-shop,2026-07-19
bricksdirect,42649.0,LEGO 42649 Heartlake City Candy Store,LEGO Friends,26.6,https://bricksdirect.com/lego-42649-heartlake-city-candy-store,2026-07-19
bricksdirect,42648.0,LEGO 42648 Panda Sanctuary Animal Care,LEGO Friends,33.26,https://bricksdirect.com/lego-42648-panda-sanctuary-animal-care,2026-07-19
bricksdirect,42647.0,LEGO 42647 Paisley’s Room,LEGO Friends,22.17,https://bricksdirect.com/lego-42647-paisleys-room,2026-07-19
bricksdirect,42646.0,LEGO 42646 Autumn’s Room,LEGO Friends,22.17,https://bricksdirect.com/lego-42646-autumns-room,2026-07-19
bricksdirect,42644.0,LEGO 42644 Heartlake City Ice Cream Truck,LEGO Friends,17.73,https://bricksdirect.com/lego-42644-heartlake-city-ice-cream-truck,2026-07-19
bricksdirect,42642.0,LEGO 42642 Friendship Movie Night,LEGO Friends,16.62,https://bricksdirect.com/lego-42642-friendship-movie-night,2026-07-19
bricksdirect,42641.0,LEGO 42641 Surfing Dogs and Scooter Adventure,LEGO Friends,16.62,https://bricksdirect.com/lego-42641-surfing-dogs-and-scooter-adventure,2026-07-19
bricksdirect,42638.0,LEGO 42638 Castle Bed and Breakfast,LEGO Friends,133.07,https://bricksdirect.com/lego-42638-castle-bed-and-breakfast,2026-07-19
bricksdirect,42635.0,LEGO 42635 Dog-Grooming Car,LEGO Friends,11.08,https://bricksdirect.com/lego-42635-dog-grooming-car,2026-07-19
Zavvi,42695.0,LEGO Friends Horse & Baby Foal Trailer with Car Toy 42695,Lego Friends,29.37,https://www.zavvi.com/p/toys/lego-friends-horse-baby-foal-trailer-with-car-toy-42695/17650759/,2026-07-17
Zavvi,60505.0,"LEGO City Airplane, Service Truck & Hovercraft Remix 60505",Lego City,70.49,https://www.zavvi.com/p/toys/lego-city-airplane-service-truck-hovercraft-remix-60505/17650791/,2026-07-17
Zavvi,60500.0,LEGO City: The LEGO Van Toy Building Set for Kids 60500,Lego City,29.37,https://www.zavvi.com/p/toys/lego-city-the-lego-van-toy-building-set-for-kids-60500/17650787/,2026-07-17
Zavvi,75437.0,LEGO Star Wars Cobb Vanth’s Speeder Toy for Kids 75437,Lego Star Wars,29.37,https://www.zavvi.com/p/toys/lego-star-wars-cobb-vanth-s-speeder-toy-for-kids-75437/17650810/,2026-07-17
Zavvi,42689.0,LEGO Friends Heartlake City Friends Club House Toy 42689,Lego Friends,94.0,https://www.zavvi.com/p/toys/lego-friends-heartlake-city-friends-club-house-toy-42689/17650757/,2026-07-17
Zavvi,42673.0,LEGO® Friends Family Holiday Beach Resort Building Set 42673,Lego Friends,117.5,https://www.zavvi.com/p/toys/lego-friends-family-holiday-beach-resort-building-set-42673/16717297/,2026-07-17
Zavvi,42688.0,LEGO Friends Horse Stable and Riding Academy Toy 42688,Lego Friends,82.25,https://www.zavvi.com/p/toys/lego-friends-horse-stable-and-riding-academy-toy-42688/17650756/,2026-07-17
Zavvi,42699.0,LEGO Friends Beach House with Seals Building Toy 42699,Lego Friends,52.87,https://www.zavvi.com/p/toys/lego-friends-beach-house-with-seals-building-toy-42699/17650761/,2026-07-17
Zavvi,42680.0,LEGO Friends Heartlake City Mini Supermarket Shop Toy 42680,Lego Friends,21.14,https://www.zavvi.com/p/toys/lego-friends-heartlake-city-mini-supermarket-shop-toy-42680/17650750/,2026-07-17
Zavvi,42686.0,LEGO Friends Fun Indoor Playground Toy with Mini Dolls 42686,Lego Friends,64.62,https://www.zavvi.com/p/toys/lego-friends-fun-indoor-playground-toy-with-mini-dolls-42686/17650754/,2026-07-17
Zavvi,42685.0,LEGO Friends Heartlake City Fashion Show Toy for Kids 42685,Lego Friends,52.87,https://www.zavvi.com/p/toys/lego-friends-heartlake-city-fashion-show-toy-for-kids-42685/17650753/,2026-07-17
Zavvi,42696.0,LEGO Friends Animal Vet Clinic with Toy Horse Stable 42696,Lego Friends,29.37,https://www.zavvi.com/p/toys/lego-friends-animal-vet-clinic-with-toy-horse-stable-42696/17650760/,2026-07-17
Zavvi,60490.0,LEGO City Snowplough Truck Toy Vehicle with Minifigure 60490,Lego City,23.49,https://www.zavvi.com/p/toys/lego-city-snowplough-truck-toy-vehicle-with-minifigure-60490/17650783/,2026-07-17
Zavvi,60504.0,LEGO City Coast Guard Rescue Boat & Helicopter Playset 60504,Lego City,101.05,https://www.zavvi.com/p/toys/lego-city-coast-guard-rescue-boat-helicopter-playset-60504/17650790/,2026-07-17
Zavvi,60503.0,LEGO City Coast Guard Helicopter Toy Building Set 60503,Lego City,57.57,https://www.zavvi.com/p/toys/lego-city-coast-guard-helicopter-toy-building-set-60503/17650789/,2026-07-17
Zavvi,60491.0,LEGO City Motorcycle Transporter Toy and 2 Minifigures 60491,Lego City,21.14,https://www.zavvi.com/p/toys/lego-city-motorcycle-transporter-toy-and-2-minifigures-60491/17650784/,2026-07-17
Zavvi,60454.0,LEGO City Holiday Adventure Camper Van Toy Vehicle Set 60454,Lego City,27.02,https://www.zavvi.com/p/toys/lego-city-holiday-adventure-camper-van-toy-vehicle-set-60454/15833871/,2026-07-17
Zavvi,60502.0,LEGO City Airport with Airplane Toy Model Airport Set 60502,Lego City,90.47,https://www.zavvi.com/p/toys/lego-city-airport-with-airplane-toy-model-airport-set-60502/17650788/,2026-07-17
Zavvi,60487.0,LEGO City Yellow Taxi Model Car Kit with 2 Minifigures 60487,Lego City,14.09,https://www.zavvi.com/p/toys/lego-city-yellow-taxi-model-car-kit-with-2-minifigures-60487/17650780/,2026-07-17
Zavvi,75443.0,LEGO Star Wars Grogu’s Homestead Toy Building Set 75443,Lego Star Wars,21.14,https://www.zavvi.com/p/toys/lego-star-wars-grogu-s-homestead-toy-building-set-75443/17650813/,2026-07-17
Zavvi,75449.0,LEGO Star Wars Siege of Mandalore Battle Pack Set 75449,Lego Star Wars,21.14,https://www.zavvi.com/p/toys/lego-star-wars-siege-of-mandalore-battle-pack-set-75449/17650815/,2026-07-17
Zavvi,75448.0,LEGO Star Wars Clone Shock Trooper Mech Building Toy 75448,Lego Star Wars,14.09,https://www.zavvi.com/p/toys/lego-star-wars-clone-shock-trooper-mech-building-toy-75448/17650814/,2026-07-17
JB Spielwaren,75455.0,LEGO 75455 Boba Fett™,Lego Star Wars,144.49,https://www.jb-spielwaren.de/en/lego-75455-boba-fett/a-648673936/,2026-07-19
JB Spielwaren,75454.0,LEGO 75454 Imperial Remnant AT-AT™ with INT-4,Lego Star Wars,135.99,https://www.jb-spielwaren.de/en/lego-75454-imperial-remnant-at-at-with-int-4/a-75454/,2026-07-19
JB Spielwaren,75453.0,LEGO 75453 Offworld Sandcrawler™ and Mudhorn,Lego Star Wars,169.99,https://www.jb-spielwaren.de/en/lego-75453-offworld-sandcrawler-and-mudhorn/a-75453/,2026-07-19
JB Spielwaren,75461.0,LEGO 75461 Up-Scaled Darth Vader™ Minifigure,Lego Star Wars,99.99,https://www.jb-spielwaren.de/en/lego-75461-up-scaled-darth-vader-minifigure/a-75461/,2026-07-19
JB Spielwaren,75458.0,LEGO 75458 mperial Remnant AT-RT Driver™ Helmet,Lego Star Wars,69.99,https://www.jb-spielwaren.de/en/lego-75458-mperial-remnant-at-rt-driver-helmet/a-75458/,2026-07-19
JB Spielwaren,75459.0,LEGO 75459 Imperial Lambda-Class Shuttle,Lego Star Wars,149.99,https://www.jb-spielwaren.de/en/lego-75459-imperial-lambda-class-shuttle/a-75459/,2026-07-19
JB Spielwaren,75456.0,LEGO 75456 Advent Calendar 2026,Lego Star Wars,29.74,https://www.jb-spielwaren.de/en/lego-75456-advent-calendar-2026/a-75456/,2026-07-19
JB Spielwaren,75451.0,LEGO 75451 Hutt Palace Sentry Droid Showdown,Lego Star Wars,42.49,https://www.jb-spielwaren.de/en/lego-75451-hutt-palace-sentry-droid-showdown/a-75451/,2026-07-19
JB Spielwaren,75442.0,LEGO 75442 The Mandalorian N-1 Starfighter,Lego Star Wars,249.99,https://www.jb-spielwaren.de/en/lego-75442-the-mandalorian-n-1-starfighter/a-75442/,2026-07-19
JB Spielwaren,30728.0,LEGO 30728 The Razor Crest™ Mini-Build,Lego Star Wars,3.19,https://www.jb-spielwaren.de/en/lego-30728-the-razor-crest-mini-build/a-30728/,2026-07-19
JB Spielwaren,75447.0,LEGO 75447 The Razor Crest™,Lego Star Wars,127.49,https://www.jb-spielwaren.de/en/lego-75447-the-razor-crest/a-75447/,2026-07-19
JB Spielwaren,75445.0,LEGO 75445 Anzellan Starship,Lego Star Wars,63.74,https://www.jb-spielwaren.de/en/lego-75445-anzellan-starship/a-75445/,2026-07-19
JB Spielwaren,75446.0,LEGO 75446 Grogu™ (apprenti du Mandalorien),Lego Star Wars,110.49,https://www.jb-spielwaren.de/en/lego-75446-grogu-apprenti-du-mandalorien/a-75446/,2026-07-19
JB Spielwaren,75438.0,LEGO 75438 Yoda™ Bust,Lego Star Wars,31.99,https://www.jb-spielwaren.de/en/lego-75438-yoda-bust/a-75438/,2026-07-19
JB Spielwaren,75439.0,LEGO 75439 Darth Vader™ Bust,Lego Star Wars,39.99,https://www.jb-spielwaren.de/en/lego-75439-darth-vader-bust/a-75439/,2026-07-19
JB Spielwaren,75444.0,LEGO 75444 AT-RT™ Attack,Lego Star Wars,38.24,https://www.jb-spielwaren.de/en/lego-75444-at-rt-attack/a-75444/,2026-07-19
JB Spielwaren,75449.0,LEGO 75449 Siege of Mandalore Battle Pack,Lego Star Wars,16.99,https://www.jb-spielwaren.de/en/lego-75449-siege-of-mandalore-battle-pack/a-75449/,2026-07-19
JB Spielwaren,75452.0,LEGO 75452 The astromech droid BB-8,Lego Star Wars,62.99,https://www.jb-spielwaren.de/en/lego-75452-the-astromech-droid-bb-8/a-75452/,2026-07-19
JB Spielwaren,75443.0,LEGO 75443 Grogu's Homestead,Lego Star Wars,16.99,https://www.jb-spielwaren.de/en/lego-75443-grogu-s-homestead/a-75443/,2026-07-19
JB Spielwaren,75440.0,LEGO 75440 AT-AT,Lego Star Wars,55.24,https://www.jb-spielwaren.de/en/lego-75440-at-at/a-75440/,2026-07-19
JB Spielwaren,75448.0,LEGO 75448 Clone Shock Trooper™ Mech,Lego Star Wars,12.74,https://www.jb-spielwaren.de/en/lego-75448-clone-shock-trooper-mech/a-75448/,2026-07-19
JB Spielwaren,75441.0,LEGO 75441 Venator-Class Attack Cruiser,Lego Star Wars,63.99,https://www.jb-spielwaren.de/en/lego-75441-venator-class-attack-cruiser/a-75441/,2026-07-19
JB Spielwaren,75436.0,LEGO 75436 The Mandalorian & Grogu's Speeder Bike™,Lego Star Wars,8.49,https://www.jb-spielwaren.de/en/lego-75436-the-mandalorian-grogu-s-speeder-bike/a-75436/,2026-07-19
JB Spielwaren,75437.0,LEGO 75437 Cobb Vanth's Speeder,Lego Star Wars,25.49,https://www.jb-spielwaren.de/en/lego-75437-cobb-vanth-s-speeder/a-75437/,2026-07-19
JB Spielwaren,42698.0,LEGO 42698 Advent Calendar 2026,Lego Friends,22.94,https://www.jb-spielwaren.de/en/lego-42698-advent-calendar-2026/a-42698/,2026-07-19
JB Spielwaren,42705.0,LEGO 42705 Cozy Fall Forest Cabin,Lego Friends,84.99,https://www.jb-spielwaren.de/en/lego-42705-cozy-fall-forest-cabin/a-42705/,2026-07-19
JB Spielwaren,42704.0,LEGO 42704 Heartlake City Grand Hotel,Lego Friends,127.49,https://www.jb-spielwaren.de/en/lego-42704-heartlake-city-grand-hotel/a-42704/,2026-07-19
JB Spielwaren,42702.0,LEGO 42702 Spinning Flower & Fairy Teacup Ride,Lego Friends,33.99,https://www.jb-spielwaren.de/en/lego-42702-spinning-flower-fairy-teacup-ride/a-42702/,2026-07-19
JB Spielwaren,42703.0,LEGO 42703 Mermaid Roller Coaster Ride,Lego Friends,84.99,https://www.jb-spielwaren.de/en/lego-42703-mermaid-roller-coaster-ride/a-42703/,2026-07-19
JB Spielwaren,42697.0,LEGO 42697 Creative Dollhouse Suitcase,Lego Friends,42.49,https://www.jb-spielwaren.de/en/lego-42697-creative-dollhouse-suitcase/a-42697/,2026-07-19
JB Spielwaren,42694.0,LEGO 42694 Pizza Truck,Lego Friends,12.74,https://www.jb-spielwaren.de/en/lego-42694-pizza-truck/a-42694/,2026-07-19
JB Spielwaren,42700.0,LEGO 42700 Candy & Cupcake Ferris Wheel,Lego Friends,50.99,https://www.jb-spielwaren.de/en/lego-42700-candy-cupcake-ferris-wheel/a-42700/,2026-07-19
JB Spielwaren,42693.0,LEGO 42693 Creative Flower Shop,Lego Friends,25.49,https://www.jb-spielwaren.de/en/lego-42693-creative-flower-shop/a-42693/,2026-07-19
JB Spielwaren,42682.0,LEGO 42682 Nature Glamping Cabin,Lego Friends,21.24,https://www.jb-spielwaren.de/en/lego-42682-nature-glamping-cabin/a-42682/,2026-07-19
JB Spielwaren,42690.0,LEGO 42690 Forest Tea Party,Lego Friends,8.49,https://www.jb-spielwaren.de/en/lego-42690-forest-tea-party/a-42690/,2026-07-19
JB Spielwaren,42676.0,LEGO 42676 Fun Water Park Day,Lego Friends,25.49,https://www.jb-spielwaren.de/en/lego-42676-fun-water-park-day/a-42676/,2026-07-19
JB Spielwaren,42699.0,LEGO 42699 Beach House with Seals,Lego Friends,42.49,https://www.jb-spielwaren.de/en/lego-42699-beach-house-with-seals/a-42699/,2026-07-19
JB Spielwaren,42695.0,LEGO 42695 Horse & Baby Foal Trailer,Lego Friends,25.49,https://www.jb-spielwaren.de/en/lego-42695-horse-baby-foal-trailer/a-42695/,2026-07-19
JB Spielwaren,42689.0,LEGO 42689 Heartlake City Friends Club House,Lego Friends,71.99,https://www.jb-spielwaren.de/en/lego-42689-heartlake-city-friends-club-house/a-42689/,2026-07-19
JB Spielwaren,42696.0,LEGO 42696 Animal Vet Clinic,Lego Friends,25.49,https://www.jb-spielwaren.de/en/lego-42696-animal-vet-clinic/a-42696/,2026-07-19
JB Spielwaren,42692.0,LEGO 42692 Ice Cream & Balloon Stand,Lego Friends,8.49,https://www.jb-spielwaren.de/en/lego-42692-ice-cream-balloon-stand/a-42692/,2026-07-19
JB Spielwaren,42686.0,LEGO 42686 Fun Indoor Playground,Lego Friends,47.99,https://www.jb-spielwaren.de/en/lego-42686-fun-indoor-playground/a-42686/,2026-07-19
JB Spielwaren,42687.0,LEGO 42687 Liann's Family House,Lego Friends,55.99,https://www.jb-spielwaren.de/en/lego-42687-liann-s-family-house/a-42687/,2026-07-19
JB Spielwaren,42685.0,LEGO 42685 Heartlake City Fashion Show,Lego Friends,42.49,https://www.jb-spielwaren.de/en/lego-42685-heartlake-city-fashion-show/a-42685/,2026-07-19
JB Spielwaren,42688.0,LEGO 42688 Horse Stable and Riding Academy,Lego Friends,55.99,https://www.jb-spielwaren.de/en/lego-42688-horse-stable-and-riding-academy/a-42688/,2026-07-19
JB Spielwaren,42680.0,LEGO 42680 Heartlake City Convenience Store,Lego Friends,16.99,https://www.jb-spielwaren.de/en/lego-42680-heartlake-city-convenience-store/a-42680/,2026-07-19
JB Spielwaren,42684.0,LEGO 42684 Unicorn Dream Café,Lego Friends,33.99,https://www.jb-spielwaren.de/en/lego-42684-unicorn-dream-cafe/a-42684/,2026-07-19
JB Spielwaren,42681.0,LEGO 42681 Axolotl Adventure Boat,Lego Friends,8.49,https://www.jb-spielwaren.de/en/lego-42681-axolotl-adventure-boat/a-42681/,2026-07-19
JB Spielwaren,42678.0,LEGO 42678 Pet Accessories Van,Lego Friends,16.99,https://www.jb-spielwaren.de/en/lego-42678-pet-accessories-van/a-42678/,2026-07-19
JB Spielwaren,42677.0,LEGO 42677 Dog Treats Bakery,Lego Friends,25.49,https://www.jb-spielwaren.de/en/lego-42677-dog-treats-bakery/a-42677/,2026-07-19
JB Spielwaren,42679.0,LEGO 42679 Heartlake City Bunny Hotel,Lego Friends,21.24,https://www.jb-spielwaren.de/en/lego-42679-heartlake-city-bunny-hotel/a-42679/,2026-07-19
JB Spielwaren,42675.0,LEGO 42675 Unicorn Cake Delivery Car,Lego Friends,8.49,https://www.jb-spielwaren.de/en/lego-42675-unicorn-cake-delivery-car/a-42675/,2026-07-19
JB Spielwaren,42674.0,LEGO 42674 Comic Book and Game Store,Lego Friends,89.99,https://www.jb-spielwaren.de/en/lego-42674-comic-book-and-game-store/a-42674/,2026-07-19
JB Spielwaren,42673.0,LEGO 42673 Family Vacation Beach Resort,Lego Friends,110.49,https://www.jb-spielwaren.de/en/lego-42673-family-vacation-beach-resort/a-42673/,2026-07-19
JB Spielwaren,42671.0,LEGO 42671 Plant Café & Flower Shop,Lego Friends,76.49,https://www.jb-spielwaren.de/en/lego-42671-plant-cafe-flower-shop/a-42671/,2026-07-19
JB Spielwaren,42665.0,LEGO 42665 Puppy Playground,Lego Friends,8.49,https://www.jb-spielwaren.de/en/lego-42665-puppy-playground/a-42665/,2026-07-19
JB Spielwaren,42664.0,LEGO 42664 Travel Boat Adventure,Lego Friends,63.74,https://www.jb-spielwaren.de/en/lego-42664-travel-boat-adventure/a-42664/,2026-07-19
JB Spielwaren,42661.0,LEGO 42661 Costume Party with Unicorn & Fairy,Lego Friends,33.99,https://www.jb-spielwaren.de/en/lego-42661-costume-party-with-unicorn-fairy/a-42661/,2026-07-19
JB Spielwaren,42666.0,LEGO 42666 Cat Birthday Party & Tree House,Lego Friends,25.49,https://www.jb-spielwaren.de/en/lego-42666-cat-birthday-party-tree-house/a-42666/,2026-07-19
JB Spielwaren,42653.0,LEGO 42653 Music Store & Apartment,Lego Friends,42.49,https://www.jb-spielwaren.de/en/lego-42653-music-store-apartment/a-42653/,2026-07-19
JB Spielwaren,11386.0,LEGO 11386 SpongeBob SquarePants: Bikini Bottom,Lego Icons,178.49,https://www.jb-spielwaren.de/en/lego-11386-spongebob-squarepants-bikini-bottom/a-11386/,2026-07-19
JB Spielwaren,11381.0,LEGO 11381 Jaguar E-Type,Lego Icons,118.99,https://www.jb-spielwaren.de/en/lego-11381-jaguar-e-type/a-11381/,2026-07-19
JB Spielwaren,11382.0,LEGO 11382 Hubble Space Telescope,Lego Icons,110.49,https://www.jb-spielwaren.de/en/lego-11382-hubble-space-telescope/a-11382/,2026-07-19
JB Spielwaren,11383.0,LEGO 11383 Mayor Manor,Lego Icons,93.49,https://www.jb-spielwaren.de/en/lego-11383-mayor-manor/a-11383/,2026-07-19
JB Spielwaren,11380.0,LEGO 11380 Road Bike,Lego Icons,94.99,https://www.jb-spielwaren.de/en/lego-11380-road-bike/a-11380/,2026-07-19
JB Spielwaren,11371.0,LEGO 11371 Shopping Street,Lego Icons,249.99,https://www.jb-spielwaren.de/en/lego-11371-shopping-street/a-11371/,2026-07-19
JB Spielwaren,11370.0,LEGO 11370 Stranger Things: The Creel House,Lego Icons,279.99,https://www.jb-spielwaren.de/en/lego-11370-stranger-things-the-creel-house/a-11370/,2026-07-19
JB Spielwaren,10352.0,LEGO 10352 The Simpsons™: Krusty Burger,Lego Icons,199.99,https://www.jb-spielwaren.de/en/lego-10352-the-simpsons-krusty-burger/a-10352/,2026-07-19
JB Spielwaren,11384.0,LEGO 11384 Golden Retriever Puppy,Lego Icons,118.99,https://www.jb-spielwaren.de/en/lego-11384-golden-retriever-puppy/a-11384/,2026-07-19
JB Spielwaren,11376.0,LEGO 11376 Ford Model T,Lego Icons,94.99,https://www.jb-spielwaren.de/en/lego-11376-ford-model-t/a-11376/,2026-07-19
JB Spielwaren,11375.0,LEGO 11375 Ferrari F2004 & Michael Schumacher,Lego Icons,76.49,https://www.jb-spielwaren.de/en/lego-11375-ferrari-f2004-michael-schumacher/a-11375/,2026-07-19
JB Spielwaren,11373.0,LEGO 11373 The Lord of the Rings: Sauron's Helmet,Lego Icons,59.99,https://www.jb-spielwaren.de/en/lego-11373-icons-11373/a-11373/,2026-07-19
JB Spielwaren,11372.0,LEGO 11372 ICONS 11372,Lego Icons,87.99,https://www.jb-spielwaren.de/en/lego-11372-icons-11372/a-11372/,2026-07-19
JB Spielwaren,10357.0,LEGO 10357 Shelby Cobra 427 S/C,Lego Icons,149.99,https://www.jb-spielwaren.de/en/lego-10357-shelby-cobra-427-s/c/a-10357/,2026-07-19
JB Spielwaren,10358.0,LEGO 10358 Transformers: Soundwave,Lego Icons,134.99,https://www.jb-spielwaren.de/en/lego-10358-transformers-soundwave/a-10358/,2026-07-19
JB Spielwaren,10367.0,LEGO 10367 The Lord of the Rings: Gandalf vs. Balrog,Lego Icons,101.99,https://www.jb-spielwaren.de/en/lego-10367-the-lord-of-the-rings-gandalf-vs-balrog/a-10367/,2026-07-19
JB Spielwaren,40814.0,LEGO 40814 Baby Elephant in the Sky,Lego Icons,29.99,https://www.jb-spielwaren.de/en/lego-40814-baby-elephant-in-the-sky/a-40814/,2026-07-19
JB Spielwaren,40690.0,LEGO 40690 Homage to the books of Jules Verne,Lego Icons,34.99,https://www.jb-spielwaren.de/en/lego-40690-homage-to-the-books-of-jules-verne/a-40690/,2026-07-19
JB Spielwaren,40744.0,LEGO 40744 Christmas Ornament Selection,Lego Icons,11.04,https://www.jb-spielwaren.de/en/lego-40744-christmas-ornament-selection/a-40744/,2026-07-19
JB Spielwaren,40721.0,LEGO 40721 Halloween Barn,Lego Icons,11.99,https://www.jb-spielwaren.de/en/lego-40721-halloween-barn/a-40721/,2026-07-19
JB Spielwaren,40743.0,LEGO 40743 Christmas Table Decoration,Lego Icons,33.99,https://www.jb-spielwaren.de/en/lego-40743-christmas-table-decoration/a-40743/,2026-07-19
JB Spielwaren,40813.0,LEGO 40813 Lucky Cat,Lego Icons,25.49,https://www.jb-spielwaren.de/en/lego-40813-lucky-cat/a-40813/,2026-07-19
JB Spielwaren,10335.0,LEGO 10335 Endurance,Lego Icons,269.99,https://www.jb-spielwaren.de/en/lego-10335-endurance/a-10335/,2026-07-19
JB Spielwaren,40821.0,LEGO 40821 love bears,Lego Icons,14.99,https://www.jb-spielwaren.de/en/lego-40821-love-bears/a-40821/,2026-07-19
JB Spielwaren,40824.0,LEGO 40824 Love messenger Tweety,Lego Icons,29.74,https://www.jb-spielwaren.de/en/lego-40824-love-messenger-tweety/a-40824/,2026-07-19
JB Spielwaren,,Spanish Fountain Garden with Spanish Assassin (Custom Minifigure),Lego Icons,94.38,https://www.jb-spielwaren.de/en/spanish-fountain-garden-with-spanish-assassin-custom-minifigure/a-648663843/,2026-07-19
JB Spielwaren,10353.0,LEGO 10353 Williams Racing FW14B with Nigel Mansell,Lego Icons,67.99,https://www.jb-spielwaren.de/en/lego-10353-williams-racing-fw14b-with-nigel-mansell/a-10353/,2026-07-19
JB Spielwaren,10359.0,LEGO 10359 Spanish fountain garden,Lego Icons,84.99,https://www.jb-spielwaren.de/en/lego-10359-spanish-fountain-garden/a-10359/,2026-07-19
JB Spielwaren,10339.0,LEGO 10339 Santa's Post Office,Lego Icons,99.99,https://www.jb-spielwaren.de/en/lego-10339-santa-s-post-office/a-10339/,2026-07-19
JB Spielwaren,10341.0,LEGO 10341 NASA Artemis launch pad,Lego Icons,220.99,https://www.jb-spielwaren.de/en/lego-10341-nasa-artemis-launch-pad/a-10341/,2026-07-19
JB Spielwaren,10337.0,LEGO 10337 Lamborghini Countach 5000 Quattrovalvole,Lego Icons,125.99,https://www.jb-spielwaren.de/en/lego-10337-lamborghini-countach-5000-quattrovalvole/a-10337/,2026-07-19
JB Spielwaren,40693.0,LEGO 40693 The Lord of the Rings™: Fell Beast™,Lego Icons,179.99,https://www.jb-spielwaren.de/en/lego-40693-the-lord-of-the-rings-fell-beast/a-40693/,2026-07-19
JB Spielwaren,10334.0,LEGO 10334 Retro Portable Radio,Lego Icons,99.99,https://www.jb-spielwaren.de/en/lego-10334-retro-portable-radio/a-10334/,2026-07-19
JB Spielwaren,10332.0,LEGO 10332 Medieval Town Square,Lego Icons,229.99,https://www.jb-spielwaren.de/en/lego-10332-medieval-town-square/a-10332/,2026-07-19
JB Spielwaren,10330.0,LEGO 10330 McLaren MP4/4 & Ayrton Senna,Lego Icons,67.99,https://www.jb-spielwaren.de/en/lego-10330-mclaren-mp4/4-ayrton-senna/a-10330/,2026-07-19
JB Spielwaren,40681.0,LEGO 40681 Retro Food Truck,Lego Icons,39.99,https://www.jb-spielwaren.de/en/lego-40681-retro-food-truck/a-40681/,2026-07-19
JB Spielwaren,60506.0,LEGO 60506 Classic Beach Streetcar,Lego City,59.49,https://www.jb-spielwaren.de/en/lego-60506-classic-beach-streetcar/a-60506/,2026-07-19
JB Spielwaren,60511.0,LEGO 60511 Vintage Steam Train,Lego City,76.49,https://www.jb-spielwaren.de/en/lego-60511-vintage-steam-train/a-60511/,2026-07-19
JB Spielwaren,60494.0,LEGO 60494 Dump Truck & Front End Loader,Lego City,101.99,https://www.jb-spielwaren.de/en/lego-60494-dump-truck-front-end-loader/a-60494/,2026-07-19
JB Spielwaren,60492.0,LEGO 60492 Passenger Jet,Lego City,25.49,https://www.jb-spielwaren.de/en/lego-60492-passenger-jet/a-60492/,2026-07-19
JB Spielwaren,60480.0,LEGO 60480 Yellow Backhoe Loader,Lego City,25.49,https://www.jb-spielwaren.de/en/lego-60480-yellow-backhoe-loader/a-60480/,2026-07-19
JB Spielwaren,60497.0,LEGO 60497 Drive-Through Car Wash,Lego City,46.74,https://www.jb-spielwaren.de/en/lego-60497-drive-through-car-wash/a-60497/,2026-07-19
JB Spielwaren,60496.0,LEGO 60496 Pizza Delivery Experience with Vehicles,Lego City,42.49,https://www.jb-spielwaren.de/en/lego-60496-pizza-delivery-experience-with-vehicles/a-60496/,2026-07-19
JB Spielwaren,60510.0,LEGO 60510 Advent Calendar 2026,Lego City,22.94,https://www.jb-spielwaren.de/en/lego-60510-advent-calendar-2026/a-60510/,2026-07-19
JB Spielwaren,60508.0,LEGO 60508 Police Train Heist,Lego City,169.99,https://www.jb-spielwaren.de/en/lego-60508-police-train-heist/a-60508/,2026-07-19
JB Spielwaren,60493.0,LEGO 60493 F1® Truck with Audi F1® race car,Lego City,38.24,https://www.jb-spielwaren.de/en/lego-60493-f1-truck-with-audi-f1-race-car/a-60493/,2026-07-19
JB Spielwaren,60484.0,LEGO 60484 Rides – Gaming Race Car,Lego City,8.49,https://www.jb-spielwaren.de/en/lego-60484-rides-gaming-race-car/a-60484/,2026-07-19
JB Spielwaren,60482.0,LEGO 60482 Rides – Fire Truck,Lego City,8.49,https://www.jb-spielwaren.de/en/lego-60482-rides-fire-truck/a-60482/,2026-07-19
JB Spielwaren,60483.0,LEGO 60483 Rides – Construction Loader,Lego City,8.49,https://www.jb-spielwaren.de/en/lego-60483-rides-construction-loader/a-60483/,2026-07-19
JB Spielwaren,60504.0,LEGO 60504 Coast Guard Rescue Boat & Helicopter,Lego City,87.99,https://www.jb-spielwaren.de/en/lego-60504-coast-guard-rescue-boat-helicopter/a-60504/,2026-07-19
JB Spielwaren,60481.0,LEGO 60481 Rides – Police Truck,Lego City,8.49,https://www.jb-spielwaren.de/en/lego-60481-rides-police-truck/a-60481/,2026-07-19
JB Spielwaren,60505.0,"LEGO 60505 Airplane, Service Truck & Hovercraft Remix",Lego City,55.99,https://www.jb-spielwaren.de/en/lego-60505-airplane-service-truck-hovercraft-remix/a-60505/,2026-07-19
JB Spielwaren,60479.0,LEGO 60479 Police Prisoner Transport Van,Lego City,16.99,https://www.jb-spielwaren.de/en/lego-60479-police-prisoner-transport-van/a-60479/,2026-07-19
JB Spielwaren,60503.0,LEGO 60503 Coast Guard Helicopter,Lego City,41.99,https://www.jb-spielwaren.de/en/lego-60503-coast-guard-helicopter/a-60503/,2026-07-19
JB Spielwaren,60498.0,LEGO 60498 Tractor,Lego City,16.99,https://www.jb-spielwaren.de/en/lego-60498-tractor/a-60498/,2026-07-19
JB Spielwaren,60491.0,LEGO 60491 Motorcycle Transporter,Lego City,16.99,https://www.jb-spielwaren.de/en/lego-60491-motorcycle-transporter/a-60491/,2026-07-19
